protocol_version,v5_commit,protocol_commit,case_id,qid,question_type,retrieval_status,report_only_rank,multimodal_rank,rank_delta_multimodal_minus_report,retrieval_mrr_delta,retrieval_token_f1_delta,qa_final_token_f1_delta,report_only_final_token_f1,multimodal_final_token_f1,qa_support_rate_delta,report_only_support_rate,multimodal_support_rate,report_only_selected_case_id,multimodal_selected_case_id,multimodal_retrieved_case_ids,multimodal_retrieval_correct,retrieval_categories,qa_categories,researcher_review_status
1.0,10f57ba,d3b0765,CXR1019,CXR1019_v2_findings,findings,no_change,1,1,0,0.0,0.0,0.0,0.6582278481012659,0.6582278481012659,0.0,1.0,1.0,CXR1019,CXR1019,CXR1019,True,,possible_generation_unsupported_addition,not_reviewed
1.0,10f57ba,d3b0765,CXR1019,CXR1019_v2_impression,impression,no_change,1,1,0,0.0,0.0,0.0,0.7659574468085106,0.7659574468085106,0.0,1.0,1.0,CXR1019,CXR1019,CXR1019,True,,possible_generation_unsupported_addition,not_reviewed
1.0,10f57ba,d3b0765,CXR1019,CXR1019_v2_summary,summary,no_change,1,1,0,0.0,0.0,0.0,0.5161290322580645,0.5161290322580645,0.0,1.0,1.0,CXR1019,CXR1019,CXR1019,True,,no_obvious_error,not_reviewed
1.0,10f57ba,d3b0765,CXR1060,CXR1060_v2_findings,findings,improvement,48,28,-20,0.01488095,0.06666667,-0.10018553,0.18181818181818182,0.0816326530612245,-0.4,1.0,0.6,CXR1076,CXR859,CXR859,False,retrieval_improvement,possible_generation_unsupported_addition;possible_verifier_over_rejection;retrieval_improvement;verifier_evidence_disagreement,not_reviewed
1.0,10f57ba,d3b0765,CXR1060,CXR1060_v2_impression,impression,improvement,48,21,-27,0.02678571,0.85714286,0.4,0.0,0.4,0.0,1.0,1.0,CXR1076,CXR193,CXR193,False,retrieval_improvement,possible_generation_unsupported_addition;retrieval_improvement,not_reviewed
1.0,10f57ba,d3b0765,CXR1060,CXR1060_v2_summary,summary,improvement,54,25,-29,0.02148148,0.57142857,0.19047619,0.0,0.1904761904761905,0.0,1.0,1.0,CXR1076,CXR1978,CXR1978,False,retrieval_improvement,retrieval_improvement,not_reviewed
1.0,10f57ba,d3b0765,CXR1101,CXR1101_v2_findings,findings,no_change,1,1,0,0.0,0.0,0.0,0.7352941176470589,0.7352941176470589,0.0,0.8,0.8,CXR1101,CXR1101,CXR1101,True,,possible_generation_unsupported_addition,not_reviewed
1.0,10f57ba,d3b0765,CXR1101,CXR1101_v2_impression,impression,no_change,1,1,0,0.0,0.0,0.0,1.0,1.0,0.0,0.5,0.5,CXR1101,CXR1101,CXR1101,True,,possible_generation_unsupported_addition,not_reviewed
1.0,10f57ba,d3b0765,CXR1101,CXR1101_v2_summary,summary,no_change,1,1,0,0.0,0.0,0.0,0.3636363636363636,0.3636363636363636,0.0,1.0,1.0,CXR1101,CXR1101,CXR1101,True,,correct_retrieval_generation_error,not_reviewed
1.0,10f57ba,d3b0765,CXR1120,CXR1120_v2_findings,findings,degradation,87,88,1,-0.00013062,0.22535211,0.15454545,0.2121212121212121,0.3666666666666667,-0.4,1.0,0.6,CXR1076,CXR859,CXR859,False,retrieval_degradation,possible_generation_unsupported_addition;possible_verifier_over_rejection;qa_gain_support_loss;representative_qa_gain_support_loss;retrieval_degradation;verifier_evidence_disagreement,not_reviewed
1.0,10f57ba,d3b0765,CXR1120,CXR1120_v2_impression,impression,improvement,97,86,-11,0.00131863,-0.12121212,0.0,0.0,0.0,0.0,1.0,1.0,CXR1076,CXR495,CXR495,False,retrieval_improvement,retrieval_improvement,not_reviewed
1.0,10f57ba,d3b0765,CXR1120,CXR1120_v2_summary,summary,degradation,9,29,20,-0.07662835,0.37878788,0.22222222,0.04444444444444444,0.26666666666666666,0.0,1.0,1.0,CXR1076,CXR1978,CXR1978,False,representative_retrieval_degradation;retrieval_degradation,representative_retrieval_degradation;retrieval_degradation,not_reviewed
1.0,10f57ba,d3b0765,CXR112,CXR112_v2_findings,findings,no_change,1,1,0,0.0,0.0,0.0,0.03773584905660377,0.03773584905660377,0.0,0.0,0.0,CXR112,CXR112,CXR112,True,,abstention_case;correct_retrieval_generation_error;possible_generation_unsupported_addition;possible_verifier_over_rejection,not_reviewed
1.0,10f57ba,d3b0765,CXR112,CXR112_v2_impression,impression,no_change,1,1,0,0.0,0.0,0.0,0.0,0.0,0.0,0.5,0.5,CXR112,CXR112,CXR112,True,,correct_retrieval_generation_error;possible_generation_unsupported_addition;possible_verifier_over_rejection;representative_generation_error,not_reviewed
1.0,10f57ba,d3b0765,CXR112,CXR112_v2_summary,summary,no_change,1,1,0,0.0,0.0,0.0,0.29629629629629634,0.29629629629629634,0.0,1.0,1.0,CXR112,CXR112,CXR112,True,,correct_retrieval_generation_error,not_reviewed
1.0,10f57ba,d3b0765,CXR1155,CXR1155_v2_findings,findings,no_change,1,1,0,0.0,0.0,0.0,0.0909090909090909,0.0909090909090909,0.0,0.0,0.0,CXR1155,CXR1155,CXR1155,True,,abstention_case;correct_retrieval_generation_error;possible_generation_unsupported_addition;possible_verifier_over_rejection,not_reviewed
1.0,10f57ba,d3b0765,CXR1155,CXR1155_v2_impression,impression,degradation,1,2,1,-0.5,-0.76470588,-0.69318182,0.8181818181818182,0.125,-0.16666667,0.6666666666666666,0.5,CXR1155,CXR2295,CXR2295,False,retrieval_degradation,possible_generation_unsupported_addition;retrieval_degradation;verifier_evidence_disagreement,not_reviewed
1.0,10f57ba,d3b0765,CXR1155,CXR1155_v2_summary,summary,degradation,1,3,2,-0.66666667,-0.9,0.02337662,0.0909090909090909,0.11428571428571427,0.66666667,0.0,0.6666666666666666,CXR1155,CXR821,CXR821,False,retrieval_degradation,abstention_case;possible_generation_unsupported_addition;retrieval_degradation;verifier_evidence_disagreement,not_reviewed
1.0,10f57ba,d3b0765,CXR1179,CXR1179_v2_findings,findings,no_change,1,1,0,0.0,0.0,0.0,0.7666666666666667,0.7666666666666667,0.0,1.0,1.0,CXR1179,CXR1179,CXR1179,True,,possible_generation_unsupported_addition,not_reviewed
1.0,10f57ba,d3b0765,CXR1179,CXR1179_v2_impression,impression,no_change,1,1,0,0.0,0.0,0.0,0.5263157894736842,0.5263157894736842,0.0,1.0,1.0,CXR1179,CXR1179,CXR1179,True,,possible_generation_unsupported_addition,not_reviewed
1.0,10f57ba,d3b0765,CXR1179,CXR1179_v2_summary,summary,no_change,1,1,0,0.0,0.0,0.0,0.20408163265306123,0.20408163265306123,0.0,0.6666666666666666,0.6666666666666666,CXR1179,CXR1179,CXR1179,True,,correct_retrieval_generation_error;possible_generation_unsupported_addition,not_reviewed
1.0,10f57ba,d3b0765,CXR1225,CXR1225_v2_findings,findings,no_change,1,1,0,0.0,0.0,0.0,0.6274509803921569,0.6274509803921569,0.0,1.0,1.0,CXR1225,CXR1225,CXR1225,True,,possible_generation_unsupported_addition,not_reviewed
1.0,10f57ba,d3b0765,CXR1225,CXR1225_v2_impression,impression,no_change,1,1,0,0.0,0.0,0.0,1.0,1.0,0.0,0.5,0.5,CXR1225,CXR1225,CXR1225,True,,possible_generation_unsupported_addition,not_reviewed
1.0,10f57ba,d3b0765,CXR1225,CXR1225_v2_summary,summary,no_change,1,1,0,0.0,0.0,0.0,0.4,0.4,0.0,0.5,0.5,CXR1225,CXR1225,CXR1225,True,,correct_retrieval_generation_error;possible_generation_unsupported_addition,not_reviewed
1.0,10f57ba,d3b0765,CXR1229,CXR1229_v2_findings,findings,no_change,1,1,0,0.0,0.0,0.0,0.14285714285714285,0.14285714285714285,0.0,0.0,0.0,CXR1229,CXR1229,CXR1229,True,,abstention_case;correct_retrieval_generation_error;possible_generation_unsupported_addition;possible_verifier_over_rejection,not_reviewed
1.0,10f57ba,d3b0765,CXR1229,CXR1229_v2_impression,impression,no_change,1,1,0,0.0,0.0,0.0,0.4347826086956522,0.4347826086956522,0.0,1.0,1.0,CXR1229,CXR1229,CXR1229,True,,correct_retrieval_generation_error;possible_generation_unsupported_addition,not_reviewed
1.0,10f57ba,d3b0765,CXR1229,CXR1229_v2_summary,summary,no_change,1,1,0,0.0,0.0,0.0,0.3,0.3,0.0,1.0,1.0,CXR1229,CXR1229,CXR1229,True,,correct_retrieval_generation_error,not_reviewed
1.0,10f57ba,d3b0765,CXR1276,CXR1276_v2_findings,findings,no_change,1,1,0,0.0,0.0,0.0,0.78125,0.78125,0.0,1.0,1.0,CXR1276,CXR1276,CXR1276,True,,possible_generation_unsupported_addition,not_reviewed
1.0,10f57ba,d3b0765,CXR1276,CXR1276_v2_impression,impression,no_change,1,1,0,0.0,0.0,0.0,0.5,0.5,0.0,1.0,1.0,CXR1276,CXR1276,CXR1276,True,,possible_generation_unsupported_addition,not_reviewed
1.0,10f57ba,d3b0765,CXR1276,CXR1276_v2_summary,summary,no_change,1,1,0,0.0,0.0,0.0,0.163265306122449,0.163265306122449,0.0,0.6666666666666666,0.6666666666666666,CXR1276,CXR1276,CXR1276,True,,correct_retrieval_generation_error;possible_generation_unsupported_addition,not_reviewed
1.0,10f57ba,d3b0765,CXR1306,CXR1306_v2_findings,findings,improvement,10,3,-7,0.23333333,0.21505376,0.00714286,0.25,0.2571428571428571,-0.4,1.0,0.6,CXR1076,CXR859,CXR859,False,retrieval_improvement,possible_generation_unsupported_addition;qa_gain_support_loss;retrieval_improvement;verifier_evidence_disagreement,not_reviewed
1.0,10f57ba,d3b0765,CXR1306,CXR1306_v2_impression,impression,improvement,3,1,-2,0.66666667,0.87096774,0.65546218,0.058823529411764705,0.7142857142857143,0.0,1.0,1.0,CXR1076,CXR1306,CXR1306,True,retrieval_improvement,possible_generation_unsupported_addition;retrieval_improvement,not_reviewed
1.0,10f57ba,d3b0765,CXR1306,CXR1306_v2_summary,summary,improvement,58,28,-30,0.01847291,0.29953917,0.28571429,0.0,0.2857142857142857,0.0,1.0,1.0,CXR1076,CXR1978,CXR1978,False,retrieval_improvement,retrieval_improvement,not_reviewed
1.0,10f57ba,d3b0765,CXR1412,CXR1412_v2_findings,findings,no_change,1,1,0,0.0,0.0,0.0,0.047619047619047616,0.047619047619047616,0.0,0.0,0.0,CXR1412,CXR1412,CXR1412,True,,abstention_case;correct_retrieval_generation_error;possible_generation_unsupported_addition;possible_verifier_over_rejection,not_reviewed
1.0,10f57ba,d3b0765,CXR1412,CXR1412_v2_impression,impression,no_change,1,1,0,0.0,0.0,0.0,0.5,0.5,0.0,1.0,1.0,CXR1412,CXR1412,CXR1412,True,,possible_generation_unsupported_addition,not_reviewed
1.0,10f57ba,d3b0765,CXR1412,CXR1412_v2_summary,summary,no_change,1,1,0,0.0,0.0,0.0,0.18181818181818182,0.18181818181818182,0.0,0.6666666666666666,0.6666666666666666,CXR1412,CXR1412,CXR1412,True,,correct_retrieval_generation_error;possible_generation_unsupported_addition,not_reviewed
1.0,10f57ba,d3b0765,CXR143,CXR143_v2_findings,findings,no_change,1,1,0,0.0,0.0,0.0,0.52,0.52,0.0,1.0,1.0,CXR143,CXR143,CXR143,True,,possible_generation_unsupported_addition,not_reviewed
1.0,10f57ba,d3b0765,CXR143,CXR143_v2_impression,impression,no_change,1,1,0,0.0,0.0,0.0,0.0,0.0,0.0,0.5,0.5,CXR143,CXR143,CXR143,True,,correct_retrieval_generation_error;possible_generation_unsupported_addition;possible_verifier_over_rejection;representative_generation_error,not_reviewed
1.0,10f57ba,d3b0765,CXR143,CXR143_v2_summary,summary,no_change,1,1,0,0.0,0.0,0.0,0.0,0.0,0.0,0.0,0.0,CXR143,CXR143,CXR143,True,,abstention_case;correct_retrieval_generation_error;possible_generation_unsupported_addition;possible_verifier_over_rejection;representative_generation_error,not_reviewed
1.0,10f57ba,d3b0765,CXR1508,CXR1508_v2_findings,findings,degradation,5,19,14,-0.14736842,0.0,0.0,0.16666666666666666,0.16666666666666666,0.0,1.0,1.0,CXR1076,CXR1076,CXR1076,False,retrieval_degradation,possible_generation_unsupported_addition;retrieval_degradation,not_reviewed
1.0,10f57ba,d3b0765,CXR1508,CXR1508_v2_impression,impression,degradation,7,21,14,-0.0952381,0.0,0.0,0.0,0.0,0.0,1.0,1.0,CXR1076,CXR1076,CXR1076,False,representative_retrieval_degradation;retrieval_degradation,possible_generation_unsupported_addition;representative_retrieval_degradation;retrieval_degradation,not_reviewed
1.0,10f57ba,d3b0765,CXR1508,CXR1508_v2_summary,summary,degradation,5,10,5,-0.1,0.0,0.0,0.0,0.0,0.0,1.0,1.0,CXR1076,CXR1076,CXR1076,False,representative_retrieval_degradation;retrieval_degradation,representative_retrieval_degradation;retrieval_degradation,not_reviewed
1.0,10f57ba,d3b0765,CXR1555,CXR1555_v2_findings,findings,no_change,1,1,0,0.0,0.0,0.0,0.5454545454545455,0.5454545454545455,0.0,1.0,1.0,CXR1555,CXR1555,CXR1555,True,,possible_generation_unsupported_addition,not_reviewed
1.0,10f57ba,d3b0765,CXR1555,CXR1555_v2_impression,impression,no_change,1,1,0,0.0,0.0,0.0,0.47058823529411764,0.47058823529411764,0.0,1.0,1.0,CXR1555,CXR1555,CXR1555,True,,correct_retrieval_generation_error;possible_generation_unsupported_addition,not_reviewed
1.0,10f57ba,d3b0765,CXR1555,CXR1555_v2_summary,summary,no_change,1,1,0,0.0,0.0,0.0,0.3636363636363636,0.3636363636363636,0.0,1.0,1.0,CXR1555,CXR1555,CXR1555,True,,correct_retrieval_generation_error,not_reviewed
1.0,10f57ba,d3b0765,CXR1577,CXR1577_v2_findings,findings,no_change,1,1,0,0.0,0.0,0.0,0.7999999999999999,0.7999999999999999,0.0,0.6,0.6,CXR1577,CXR1577,CXR1577,True,,possible_generation_unsupported_addition,not_reviewed
1.0,10f57ba,d3b0765,CXR1577,CXR1577_v2_impression,impression,no_change,1,1,0,0.0,0.0,0.0,0.0,0.0,0.0,0.0,0.0,CXR1577,CXR1577,CXR1577,True,,abstention_case;correct_retrieval_generation_error;possible_generation_unsupported_addition;possible_verifier_over_rejection,not_reviewed
1.0,10f57ba,d3b0765,CXR1577,CXR1577_v2_summary,summary,no_change,1,1,0,0.0,0.0,0.0,0.48,0.48,0.0,1.0,1.0,CXR1577,CXR1577,CXR1577,True,,correct_retrieval_generation_error,not_reviewed
1.0,10f57ba,d3b0765,CXR1619,CXR1619_v2_findings,findings,improvement,26,13,-13,0.03846154,0.23700419,0.13104449,0.25531914893617025,0.38636363636363635,0.0,1.0,1.0,CXR1076,CXR2810,CXR2810,False,retrieval_improvement,possible_generation_unsupported_addition;retrieval_improvement,not_reviewed
1.0,10f57ba,d3b0765,CXR1619,CXR1619_v2_impression,impression,improvement,95,42,-53,0.01328321,0.13840156,0.22857143,0.0,0.22857142857142856,0.0,1.0,1.0,CXR1076,CXR1306,CXR1306,False,retrieval_improvement,possible_generation_unsupported_addition;retrieval_improvement,not_reviewed
1.0,10f57ba,d3b0765,CXR1619,CXR1619_v2_summary,summary,improvement,65,36,-29,0.01239316,0.03258145,0.11428571,0.0,0.11428571428571428,0.0,1.0,1.0,CXR1076,CXR1978,CXR1978,False,retrieval_improvement,retrieval_improvement,not_reviewed
1.0,10f57ba,d3b0765,CXR1642,CXR1642_v2_findings,findings,no_change,1,1,0,0.0,0.0,0.0,0.7241379310344829,0.7241379310344829,0.0,1.0,1.0,CXR1642,CXR1642,CXR1642,True,,possible_generation_unsupported_addition,not_reviewed
1.0,10f57ba,d3b0765,CXR1642,CXR1642_v2_impression,impression,no_change,1,1,0,0.0,0.0,0.0,0.33333333333333337,0.33333333333333337,0.0,1.0,1.0,CXR1642,CXR1642,CXR1642,True,,correct_retrieval_generation_error;possible_generation_unsupported_addition,not_reviewed
1.0,10f57ba,d3b0765,CXR1642,CXR1642_v2_summary,summary,no_change,1,1,0,0.0,0.0,0.0,0.125,0.125,0.0,0.6666666666666666,0.6666666666666666,CXR1642,CXR1642,CXR1642,True,,correct_retrieval_generation_error;possible_generation_unsupported_addition,not_reviewed
1.0,10f57ba,d3b0765,CXR1653,CXR1653_v2_findings,findings,no_change,1,1,0,0.0,0.0,0.0,0.7555555555555556,0.7555555555555556,0.0,1.0,1.0,CXR1653,CXR1653,CXR1653,True,,no_obvious_error,not_reviewed
1.0,10f57ba,d3b0765,CXR1653,CXR1653_v2_impression,impression,no_change,1,1,0,0.0,0.0,0.0,0.8620689655172413,0.8620689655172413,0.0,1.0,1.0,CXR1653,CXR1653,CXR1653,True,,possible_generation_unsupported_addition,not_reviewed
1.0,10f57ba,d3b0765,CXR1653,CXR1653_v2_summary,summary,no_change,1,1,0,0.0,0.0,0.0,0.1764705882352941,0.1764705882352941,0.0,0.5,0.5,CXR1653,CXR1653,CXR1653,True,,correct_retrieval_generation_error;possible_generation_unsupported_addition;possible_verifier_over_rejection,not_reviewed
1.0,10f57ba,d3b0765,CXR1718,CXR1718_v2_findings,findings,degradation,1,2,1,-0.5,-1.0,0.0,0.0,0.0,0.5,0.5,1.0,CXR1718,CXR1076,CXR1076,False,retrieval_degradation,possible_generation_unsupported_addition;retrieval_degradation;verifier_evidence_disagreement,not_reviewed
1.0,10f57ba,d3b0765,CXR1718,CXR1718_v2_impression,impression,no_change,2,2,0,0.0,0.0,0.0,0.27906976744186046,0.27906976744186046,0.0,1.0,1.0,CXR1076,CXR1076,CXR1076,False,,possible_generation_unsupported_addition,not_reviewed
1.0,10f57ba,d3b0765,CXR1718,CXR1718_v2_summary,summary,degradation,2,3,1,-0.16666667,0.22592593,0.0970696,0.09523809523809525,0.19230769230769232,0.33333333,0.6666666666666666,1.0,CXR821,CXR1076,CXR1076,False,retrieval_degradation,retrieval_degradation,not_reviewed
1.0,10f57ba,d3b0765,CXR1736,CXR1736_v2_findings,findings,improvement,79,64,-15,0.00296677,0.2832681,0.20777989,0.14705882352941174,0.3548387096774193,0.0,1.0,1.0,CXR1076,CXR2810,CXR2810,False,retrieval_improvement,possible_generation_unsupported_addition;retrieval_improvement,not_reviewed
1.0,10f57ba,d3b0765,CXR1736,CXR1736_v2_impression,impression,improvement,79,56,-23,0.00519892,0.81196581,0.88888889,0.0,0.888888888888889,-0.5,1.0,0.5,CXR1076,CXR2255,CXR2255,False,retrieval_improvement,possible_generation_unsupported_addition;qa_gain_support_loss;retrieval_improvement;verifier_evidence_disagreement,not_reviewed
1.0,10f57ba,d3b0765,CXR1736,CXR1736_v2_summary,summary,improvement,59,46,-13,0.00478998,0.58974359,0.26086957,0.0,0.2608695652173913,0.0,1.0,1.0,CXR1076,CXR1978,CXR1978,False,retrieval_improvement,retrieval_improvement,not_reviewed
1.0,10f57ba,d3b0765,CXR1740,CXR1740_v2_findings,findings,no_change,1,1,0,0.0,0.0,0.0,0.6486486486486486,0.6486486486486486,0.0,1.0,1.0,CXR1740,CXR1740,CXR1740,True,,possible_generation_unsupported_addition,not_reviewed
1.0,10f57ba,d3b0765,CXR1740,CXR1740_v2_impression,impression,no_change,1,1,0,0.0,0.0,0.0,0.5925925925925927,0.5925925925925927,0.0,1.0,1.0,CXR1740,CXR1740,CXR1740,True,,possible_generation_unsupported_addition,not_reviewed
1.0,10f57ba,d3b0765,CXR1740,CXR1740_v2_summary,summary,no_change,1,1,0,0.0,0.0,0.0,0.2631578947368421,0.2631578947368421,0.0,1.0,1.0,CXR1740,CXR1740,CXR1740,True,,correct_retrieval_generation_error,not_reviewed
1.0,10f57ba,d3b0765,CXR1795,CXR1795_v2_findings,findings,no_change,1,1,0,0.0,0.0,0.0,0.1111111111111111,0.1111111111111111,0.0,0.0,0.0,CXR1795,CXR1795,CXR1795,True,,abstention_case;correct_retrieval_generation_error;possible_generation_unsupported_addition;possible_verifier_over_rejection,not_reviewed
1.0,10f57ba,d3b0765,CXR1795,CXR1795_v2_impression,impression,degradation,1,2,1,-0.5,-1.0,-0.91666667,0.9166666666666666,0.0,0.33333333,0.6666666666666666,1.0,CXR1795,CXR495,CXR495,False,retrieval_degradation,retrieval_degradation,not_reviewed
1.0,10f57ba,d3b0765,CXR1795,CXR1795_v2_summary,summary,no_change,1,1,0,0.0,0.0,0.0,0.21428571428571427,0.21428571428571427,0.0,1.0,1.0,CXR1795,CXR1795,CXR1795,True,,correct_retrieval_generation_error,not_reviewed
1.0,10f57ba,d3b0765,CXR1815,CXR1815_v2_findings,findings,no_change,1,1,0,0.0,0.0,0.0,0.7586206896551725,0.7586206896551725,0.0,0.8333333333333334,0.8333333333333334,CXR1815,CXR1815,CXR1815,True,,possible_generation_unsupported_addition,not_reviewed
1.0,10f57ba,d3b0765,CXR1815,CXR1815_v2_impression,impression,no_change,2,2,0,0.0,0.0,0.0,0.375,0.375,0.0,1.0,1.0,CXR3597,CXR3597,CXR3597,False,,possible_generation_unsupported_addition,not_reviewed
1.0,10f57ba,d3b0765,CXR1815,CXR1815_v2_summary,summary,no_change,2,2,0,0.0,0.0,0.0,0.27272727272727276,0.27272727272727276,0.0,1.0,1.0,CXR3597,CXR3597,CXR3597,False,,no_obvious_error,not_reviewed
1.0,10f57ba,d3b0765,CXR1833,CXR1833_v2_findings,findings,no_change,2,2,0,0.0,0.0,0.0,0.25641025641025644,0.25641025641025644,0.0,1.0,1.0,CXR3077,CXR3077,CXR3077,False,,possible_generation_unsupported_addition,not_reviewed
1.0,10f57ba,d3b0765,CXR1833,CXR1833_v2_impression,impression,no_change,2,2,0,0.0,0.0,0.0,0.2,0.2,0.0,1.0,1.0,CXR3077,CXR3077,CXR3077,False,,possible_generation_unsupported_addition,not_reviewed
1.0,10f57ba,d3b0765,CXR1833,CXR1833_v2_summary,summary,no_change,2,2,0,0.0,0.0,0.0,0.20689655172413796,0.20689655172413796,0.0,1.0,1.0,CXR3077,CXR3077,CXR3077,False,,no_obvious_error,not_reviewed
1.0,10f57ba,d3b0765,CXR1844,CXR1844_v2_findings,findings,improvement,3,1,-2,0.66666667,0.84615385,0.53333333,0.3,0.8333333333333333,0.0,1.0,1.0,CXR1076,CXR1844,CXR1844,True,retrieval_improvement,retrieval_improvement,not_reviewed
1.0,10f57ba,d3b0765,CXR1844,CXR1844_v2_impression,impression,improvement,2,1,-1,0.5,1.0,0.42857143,0.0,0.42857142857142855,0.0,1.0,1.0,CXR1076,CXR1844,CXR1844,True,retrieval_improvement,correct_retrieval_generation_error;possible_generation_unsupported_addition;retrieval_improvement,not_reviewed
1.0,10f57ba,d3b0765,CXR1844,CXR1844_v2_summary,summary,no_change,1,1,0,0.0,0.0,0.0,0.13636363636363635,0.13636363636363635,0.0,1.0,1.0,CXR1844,CXR1844,CXR1844,True,,correct_retrieval_generation_error,not_reviewed
1.0,10f57ba,d3b0765,CXR1897,CXR1897_v2_findings,findings,no_change,1,1,0,0.0,0.0,0.0,0.6896551724137931,0.6896551724137931,0.0,0.8333333333333334,0.8333333333333334,CXR1897,CXR1897,CXR1897,True,,possible_generation_unsupported_addition,not_reviewed
1.0,10f57ba,d3b0765,CXR1897,CXR1897_v2_impression,impression,no_change,1,1,0,0.0,0.0,0.0,1.0,1.0,0.0,0.5,0.5,CXR1897,CXR1897,CXR1897,True,,possible_generation_unsupported_addition,not_reviewed
1.0,10f57ba,d3b0765,CXR1897,CXR1897_v2_summary,summary,no_change,1,1,0,0.0,0.0,0.0,0.0,0.0,0.0,1.0,1.0,CXR1897,CXR1897,CXR1897,True,,correct_retrieval_generation_error;representative_generation_error,not_reviewed
1.0,10f57ba,d3b0765,CXR1925,CXR1925_v2_findings,findings,no_change,1,1,0,0.0,0.0,0.0,0.6000000000000001,0.6000000000000001,0.0,1.0,1.0,CXR1925,CXR1925,CXR1925,True,,possible_generation_unsupported_addition,not_reviewed
1.0,10f57ba,d3b0765,CXR1925,CXR1925_v2_impression,impression,no_change,1,1,0,0.0,0.0,0.0,0.6470588235294117,0.6470588235294117,0.0,1.0,1.0,CXR1925,CXR1925,CXR1925,True,,possible_generation_unsupported_addition,not_reviewed
1.0,10f57ba,d3b0765,CXR1925,CXR1925_v2_summary,summary,no_change,1,1,0,0.0,0.0,0.0,0.38961038961038963,0.38961038961038963,0.0,1.0,1.0,CXR1925,CXR1925,CXR1925,True,,correct_retrieval_generation_error,not_reviewed
1.0,10f57ba,d3b0765,CXR193,CXR193_v2_findings,findings,no_change,1,1,0,0.0,0.0,0.0,0.696969696969697,0.696969696969697,0.0,0.8333333333333334,0.8333333333333334,CXR193,CXR193,CXR193,True,,possible_generation_unsupported_addition;possible_verifier_over_rejection,not_reviewed
1.0,10f57ba,d3b0765,CXR193,CXR193_v2_impression,impression,no_change,1,1,0,0.0,0.0,0.0,0.5,0.5,0.0,1.0,1.0,CXR193,CXR193,CXR193,True,,possible_generation_unsupported_addition,not_reviewed
1.0,10f57ba,d3b0765,CXR193,CXR193_v2_summary,summary,no_change,1,1,0,0.0,0.0,0.0,0.1568627450980392,0.1568627450980392,0.0,1.0,1.0,CXR193,CXR193,CXR193,True,,correct_retrieval_generation_error,not_reviewed
1.0,10f57ba,d3b0765,CXR1986,CXR1986_v2_findings,findings,improvement,30,15,-15,0.03333333,0.0,0.0,0.38095238095238104,0.38095238095238104,0.0,1.0,1.0,CXR2810,CXR2810,CXR2810,False,retrieval_improvement,possible_generation_unsupported_addition;retrieval_improvement,not_reviewed
1.0,10f57ba,d3b0765,CXR1986,CXR1986_v2_impression,impression,improvement,18,8,-10,0.06944444,-0.05555556,0.14444444,0.3,0.4444444444444445,-0.5,1.0,0.5,CXR821,CXR3118,CXR3118,False,retrieval_improvement,possible_generation_unsupported_addition;qa_gain_support_loss;retrieval_improvement;verifier_evidence_disagreement,not_reviewed
1.0,10f57ba,d3b0765,CXR1986,CXR1986_v2_summary,summary,improvement,16,5,-11,0.1375,-0.05555556,-0.05079365,0.22222222222222218,0.1714285714285714,0.0,0.6666666666666666,0.6666666666666666,CXR821,CXR3118,CXR3118,False,retrieval_improvement,possible_generation_unsupported_addition;retrieval_improvement,not_reviewed
1.0,10f57ba,d3b0765,CXR2033,CXR2033_v2_findings,findings,improvement,19,9,-10,0.05847953,0.0,0.0,0.29787234042553196,0.29787234042553196,0.0,1.0,1.0,CXR1076,CXR1076,CXR1076,False,retrieval_improvement,possible_generation_unsupported_addition;retrieval_improvement,not_reviewed
1.0,10f57ba,d3b0765,CXR2033,CXR2033_v2_impression,impression,improvement,67,26,-41,0.02353617,0.0,0.0,0.0,0.0,0.0,1.0,1.0,CXR1076,CXR1076,CXR1076,False,retrieval_improvement,possible_generation_unsupported_addition;retrieval_improvement,not_reviewed
1.0,10f57ba,d3b0765,CXR2033,CXR2033_v2_summary,summary,improvement,38,21,-17,0.02130326,0.0,0.0,0.0,0.0,0.0,1.0,1.0,CXR1076,CXR1076,CXR1076,False,retrieval_improvement,retrieval_improvement,not_reviewed
1.0,10f57ba,d3b0765,CXR2036,CXR2036_v2_findings,findings,improvement,2,1,-1,0.5,0.85714286,0.46413502,0.20253164556962025,0.6666666666666666,0.0,1.0,1.0,CXR1076,CXR2036,CXR2036,True,retrieval_improvement,possible_generation_unsupported_addition;retrieval_improvement,not_reviewed
1.0,10f57ba,d3b0765,CXR2036,CXR2036_v2_impression,impression,improvement,2,1,-1,0.5,0.84210526,0.45563051,0.09756097560975609,0.5531914893617021,0.0,1.0,1.0,CXR1076,CXR2036,CXR2036,True,retrieval_improvement,possible_generation_unsupported_addition;retrieval_improvement,not_reviewed
1.0,10f57ba,d3b0765,CXR2036,CXR2036_v2_summary,summary,no_change,1,1,0,0.0,0.0,0.0,0.391304347826087,0.391304347826087,0.0,1.0,1.0,CXR2036,CXR2036,CXR2036,True,,correct_retrieval_generation_error,not_reviewed
1.0,10f57ba,d3b0765,CXR2045,CXR2045_v2_findings,findings,improvement,44,25,-19,0.01727273,0.23989899,0.03523367,0.3582089552238806,0.39344262295081966,0.0,1.0,1.0,CXR1076,CXR2810,CXR2810,False,retrieval_improvement,possible_generation_unsupported_addition;retrieval_improvement,not_reviewed
1.0,10f57ba,d3b0765,CXR2045,CXR2045_v2_impression,impression,improvement,21,13,-8,0.02930403,0.32307692,0.4,0.0,0.4000000000000001,-0.5,1.0,0.5,CXR1076,CXR2810,CXR2810,False,retrieval_improvement,possible_generation_unsupported_addition;qa_gain_support_loss;retrieval_improvement;verifier_evidence_disagreement,not_reviewed
1.0,10f57ba,d3b0765,CXR2045,CXR2045_v2_summary,summary,improvement,18,13,-5,0.02136752,0.58974359,0.26086957,0.0,0.2608695652173913,0.0,1.0,1.0,CXR1076,CXR132,CXR132,False,retrieval_improvement,retrieval_improvement,not_reviewed
1.0,10f57ba,d3b0765,CXR2046,CXR2046_v2_findings,findings,no_change,1,1,0,0.0,0.0,0.0,0.6881720430107526,0.6881720430107526,0.0,1.0,1.0,CXR2046,CXR2046,CXR2046,True,,possible_generation_unsupported_addition,not_reviewed
1.0,10f57ba,d3b0765,CXR2046,CXR2046_v2_impression,impression,no_change,1,1,0,0.0,0.0,0.0,0.6526315789473683,0.6526315789473683,0.0,1.0,1.0,CXR2046,CXR2046,CXR2046,True,,possible_generation_unsupported_addition,not_reviewed
1.0,10f57ba,d3b0765,CXR2046,CXR2046_v2_summary,summary,no_change,1,1,0,0.0,0.0,0.0,0.44642857142857145,0.44642857142857145,0.0,1.0,1.0,CXR2046,CXR2046,CXR2046,True,,correct_retrieval_generation_error,not_reviewed
1.0,10f57ba,d3b0765,CXR2062,CXR2062_v2_findings,findings,no_change,1,1,0,0.0,0.0,0.0,0.6904761904761905,0.6904761904761905,0.0,0.8571428571428571,0.8571428571428571,CXR2062,CXR2062,CXR2062,True,,possible_generation_unsupported_addition,not_reviewed
1.0,10f57ba,d3b0765,CXR2062,CXR2062_v2_impression,impression,no_change,1,1,0,0.0,0.0,0.0,0.8750000000000001,0.8750000000000001,0.0,1.0,1.0,CXR2062,CXR2062,CXR2062,True,,possible_generation_unsupported_addition,not_reviewed
1.0,10f57ba,d3b0765,CXR2062,CXR2062_v2_summary,summary,no_change,1,1,0,0.0,0.0,0.0,0.6101694915254238,0.6101694915254238,0.0,1.0,1.0,CXR2062,CXR2062,CXR2062,True,,no_obvious_error,not_reviewed
1.0,10f57ba,d3b0765,CXR2102,CXR2102_v2_findings,findings,no_change,1,1,0,0.0,0.0,0.0,0.7407407407407407,0.7407407407407407,0.0,0.8,0.8,CXR2102,CXR2102,CXR2102,True,,possible_generation_unsupported_addition;possible_verifier_over_rejection,not_reviewed
1.0,10f57ba,d3b0765,CXR2102,CXR2102_v2_impression,impression,no_change,1,1,0,0.0,0.0,0.0,0.5,0.5,0.0,1.0,1.0,CXR2102,CXR2102,CXR2102,True,,possible_generation_unsupported_addition,not_reviewed
1.0,10f57ba,d3b0765,CXR2102,CXR2102_v2_summary,summary,no_change,1,1,0,0.0,0.0,0.0,0.0784313725490196,0.0784313725490196,0.0,1.0,1.0,CXR2102,CXR2102,CXR2102,True,,correct_retrieval_generation_error,not_reviewed
1.0,10f57ba,d3b0765,CXR210,CXR210_v2_findings,findings,no_change,1,1,0,0.0,0.0,0.0,0.07547169811320754,0.07547169811320754,0.0,0.0,0.0,CXR210,CXR210,CXR210,True,,abstention_case;correct_retrieval_generation_error;possible_generation_unsupported_addition;possible_verifier_over_rejection,not_reviewed
1.0,10f57ba,d3b0765,CXR210,CXR210_v2_impression,impression,no_change,1,1,0,0.0,0.0,0.0,1.0,1.0,0.0,0.5,0.5,CXR210,CXR210,CXR210,True,,possible_generation_unsupported_addition,not_reviewed
1.0,10f57ba,d3b0765,CXR210,CXR210_v2_summary,summary,no_change,1,1,0,0.0,0.0,0.0,0.12121212121212122,0.12121212121212122,0.0,1.0,1.0,CXR210,CXR210,CXR210,True,,correct_retrieval_generation_error,not_reviewed
1.0,10f57ba,d3b0765,CXR2140,CXR2140_v2_findings,findings,no_change,1,1,0,0.0,0.0,0.0,0.6285714285714286,0.6285714285714286,0.0,0.75,0.75,CXR2140,CXR2140,CXR2140,True,,possible_generation_unsupported_addition,not_reviewed
1.0,10f57ba,d3b0765,CXR2140,CXR2140_v2_impression,impression,no_change,1,1,0,0.0,0.0,0.0,0.6666666666666666,0.6666666666666666,0.0,1.0,1.0,CXR2140,CXR2140,CXR2140,True,,possible_generation_unsupported_addition,not_reviewed
1.0,10f57ba,d3b0765,CXR2140,CXR2140_v2_summary,summary,degradation,1,2,1,-0.5,-0.78947368,-0.24458874,0.38095238095238093,0.13636363636363635,-0.33333333,1.0,0.6666666666666666,CXR2140,CXR2981,CXR2981,False,retrieval_degradation,possible_generation_unsupported_addition;retrieval_degradation;verifier_evidence_disagreement,not_reviewed
1.0,10f57ba,d3b0765,CXR2195,CXR2195_v2_findings,findings,no_change,1,1,0,0.0,0.0,0.0,0.5945945945945946,0.5945945945945946,0.0,1.0,1.0,CXR2195,CXR2195,CXR2195,True,,no_obvious_error,not_reviewed
1.0,10f57ba,d3b0765,CXR2195,CXR2195_v2_impression,impression,no_change,1,1,0,0.0,0.0,0.0,0.5,0.5,0.0,1.0,1.0,CXR2195,CXR2195,CXR2195,True,,no_obvious_error,not_reviewed
1.0,10f57ba,d3b0765,CXR2195,CXR2195_v2_summary,summary,no_change,1,1,0,0.0,0.0,0.0,0.1818181818181818,0.1818181818181818,0.0,1.0,1.0,CXR2195,CXR2195,CXR2195,True,,correct_retrieval_generation_error,not_reviewed
1.0,10f57ba,d3b0765,CXR2197,CXR2197_v2_findings,findings,improvement,59,10,-49,0.08305085,-0.03456221,0.11006879,0.14634146341463414,0.2564102564102564,0.5,0.0,0.5,CXR2361,CXR3997,CXR3997,False,representative_retrieval_improvement;retrieval_improvement,abstention_case;possible_generation_unsupported_addition;possible_verifier_over_rejection;representative_retrieval_improvement;retrieval_improvement;verifier_evidence_disagreement,not_reviewed
1.0,10f57ba,d3b0765,CXR2197,CXR2197_v2_impression,impression,improvement,36,4,-32,0.22222222,0.16161616,0.11282051,0.15384615384615385,0.26666666666666666,0.0,1.0,1.0,CXR1076,CXR495,CXR495,False,retrieval_improvement,retrieval_improvement,not_reviewed
1.0,10f57ba,d3b0765,CXR2197,CXR2197_v2_summary,summary,improvement,19,1,-18,0.94736842,1.0,0.07969925,0.26315789473684204,0.34285714285714286,0.33333333,0.6666666666666666,1.0,CXR821,CXR2197,CXR2197,True,retrieval_improvement,correct_retrieval_generation_error;retrieval_improvement,not_reviewed
1.0,10f57ba,d3b0765,CXR2255,CXR2255_v2_findings,findings,improvement,13,8,-5,0.04807692,0.16666667,0.03594053,0.1758241758241758,0.21176470588235294,-0.4,1.0,0.6,CXR1076,CXR859,CXR859,False,retrieval_improvement,possible_generation_unsupported_addition;possible_verifier_over_rejection;qa_gain_support_loss;retrieval_improvement;verifier_evidence_disagreement,not_reviewed
1.0,10f57ba,d3b0765,CXR2255,CXR2255_v2_impression,impression,improvement,5,2,-3,0.3,0.75,0.375,0.0,0.375,0.0,1.0,1.0,CXR1076,CXR193,CXR193,False,retrieval_improvement,possible_generation_unsupported_addition;retrieval_improvement,not_reviewed
1.0,10f57ba,d3b0765,CXR2255,CXR2255_v2_summary,summary,improvement,51,22,-29,0.0258467,0.75,0.11764706,0.0,0.11764705882352941,0.0,1.0,1.0,CXR1076,CXR193,CXR193,False,retrieval_improvement,retrieval_improvement,not_reviewed
1.0,10f57ba,d3b0765,CXR2263,CXR2263_v2_findings,findings,no_change,10,10,0,0.0,0.0,0.0,0.27692307692307694,0.27692307692307694,0.0,1.0,1.0,CXR2810,CXR2810,CXR2810,False,,possible_generation_unsupported_addition,not_reviewed
1.0,10f57ba,d3b0765,CXR2263,CXR2263_v2_impression,impression,degradation,19,21,2,-0.00501253,0.0,0.0,0.07142857142857144,0.07142857142857144,0.0,1.0,1.0,CXR821,CXR821,CXR821,False,retrieval_degradation,possible_generation_unsupported_addition;retrieval_degradation,not_reviewed
1.0,10f57ba,d3b0765,CXR2263,CXR2263_v2_summary,summary,degradation,7,10,3,-0.04285714,0.0,0.0,0.11428571428571427,0.11428571428571427,0.0,0.6666666666666666,0.6666666666666666,CXR821,CXR821,CXR821,False,retrieval_degradation,possible_generation_unsupported_addition;retrieval_degradation,not_reviewed
1.0,10f57ba,d3b0765,CXR2285,CXR2285_v2_findings,findings,degradation,111,111,0,0.0,-0.07482993,-0.03725818,0.11320754716981134,0.0759493670886076,0.5,0.5,1.0,CXR1718,CXR1076,CXR1076,False,retrieval_degradation,possible_generation_unsupported_addition;retrieval_degradation;verifier_evidence_disagreement,not_reviewed
1.0,10f57ba,d3b0765,CXR2285,CXR2285_v2_impression,impression,improvement,83,12,-71,0.07128514,0.0,0.0,0.09523809523809525,0.09523809523809525,0.0,1.0,1.0,CXR1076,CXR1076,CXR1076,False,representative_retrieval_improvement;retrieval_improvement,possible_generation_unsupported_addition;representative_retrieval_improvement;retrieval_improvement,not_reviewed
1.0,10f57ba,d3b0765,CXR2285,CXR2285_v2_summary,summary,improvement,63,10,-53,0.08412698,0.00567376,-0.13799283,0.1935483870967742,0.05555555555555555,0.33333333,0.6666666666666666,1.0,CXR821,CXR1076,CXR1076,False,representative_retrieval_improvement;retrieval_improvement,representative_retrieval_improvement;retrieval_improvement,not_reviewed
1.0,10f57ba,d3b0765,CXR2297,CXR2297_v2_findings,findings,no_change,1,1,0,0.0,0.0,0.0,0.5714285714285713,0.5714285714285713,0.0,1.0,1.0,CXR2297,CXR2297,CXR2297,True,,possible_generation_unsupported_addition,not_reviewed
1.0,10f57ba,d3b0765,CXR2297,CXR2297_v2_impression,impression,no_change,1,1,0,0.0,0.0,0.0,1.0,1.0,0.0,0.5,0.5,CXR2297,CXR2297,CXR2297,True,,possible_generation_unsupported_addition,not_reviewed
1.0,10f57ba,d3b0765,CXR2297,CXR2297_v2_summary,summary,no_change,1,1,0,0.0,0.0,0.0,0.0,0.0,0.0,0.0,0.0,CXR2297,CXR2297,CXR2297,True,,abstention_case;correct_retrieval_generation_error;possible_generation_unsupported_addition;possible_verifier_over_rejection,not_reviewed
1.0,10f57ba,d3b0765,CXR2345,CXR2345_v2_findings,findings,no_change,1,1,0,0.0,0.0,0.0,0.7605633802816901,0.7605633802816901,0.0,1.0,1.0,CXR2345,CXR2345,CXR2345,True,,possible_generation_unsupported_addition,not_reviewed
1.0,10f57ba,d3b0765,CXR2345,CXR2345_v2_impression,impression,no_change,1,1,0,0.0,0.0,0.0,1.0,1.0,0.0,0.5,0.5,CXR2345,CXR2345,CXR2345,True,,possible_generation_unsupported_addition,not_reviewed
1.0,10f57ba,d3b0765,CXR2345,CXR2345_v2_summary,summary,no_change,1,1,0,0.0,0.0,0.0,0.0,0.0,0.0,0.0,0.0,CXR2345,CXR2345,CXR2345,True,,abstention_case;correct_retrieval_generation_error;possible_generation_unsupported_addition;possible_verifier_over_rejection,not_reviewed
1.0,10f57ba,d3b0765,CXR2369,CXR2369_v2_findings,findings,degradation,2,2,0,0.0,-0.14893617,-0.11425477,0.3614457831325301,0.24719101123595505,0.4,0.6,1.0,CXR859,CXR1076,CXR1076,False,retrieval_degradation,possible_generation_unsupported_addition;retrieval_degradation;verifier_evidence_disagreement,not_reviewed
1.0,10f57ba,d3b0765,CXR2369,CXR2369_v2_impression,impression,degradation,1,2,1,-0.5,-0.78947368,-0.41224295,0.5098039215686274,0.09756097560975609,0.0,1.0,1.0,CXR2369,CXR1076,CXR1076,False,retrieval_degradation,possible_generation_unsupported_addition;retrieval_degradation,not_reviewed
1.0,10f57ba,d3b0765,CXR2369,CXR2369_v2_summary,summary,degradation,1,2,1,-0.5,-0.78947368,-0.40827586,0.4482758620689655,0.04,0.0,1.0,1.0,CXR2369,CXR1076,CXR1076,False,retrieval_degradation,retrieval_degradation,not_reviewed
1.0,10f57ba,d3b0765,CXR2406,CXR2406_v2_findings,findings,no_change,1,1,0,0.0,0.0,0.0,0.29411764705882354,0.29411764705882354,0.0,0.5,0.5,CXR2406,CXR2406,CXR2406,True,,correct_retrieval_generation_error;possible_generation_unsupported_addition;possible_verifier_over_rejection,not_reviewed
1.0,10f57ba,d3b0765,CXR2406,CXR2406_v2_impression,impression,no_change,1,1,0,0.0,0.0,0.0,1.0,1.0,0.0,0.6666666666666666,0.6666666666666666,CXR2406,CXR2406,CXR2406,True,,possible_generation_unsupported_addition,not_reviewed
1.0,10f57ba,d3b0765,CXR2406,CXR2406_v2_summary,summary,no_change,1,1,0,0.0,0.0,0.0,0.10810810810810811,0.10810810810810811,0.0,0.5,0.5,CXR2406,CXR2406,CXR2406,True,,correct_retrieval_generation_error;possible_generation_unsupported_addition,not_reviewed
1.0,10f57ba,d3b0765,CXR2414,CXR2414_v2_findings,findings,improvement,29,3,-26,0.29885057,0.0,0.0,0.21238938053097345,0.21238938053097345,0.0,1.0,1.0,CXR1076,CXR1076,CXR1076,False,retrieval_improvement,possible_generation_unsupported_addition;retrieval_improvement,not_reviewed
1.0,10f57ba,d3b0765,CXR2414,CXR2414_v2_impression,impression,improvement,12,2,-10,0.41666667,0.0,0.0,0.25,0.25,0.0,1.0,1.0,CXR1076,CXR1076,CXR1076,False,retrieval_improvement,possible_generation_unsupported_addition;retrieval_improvement,not_reviewed
1.0,10f57ba,d3b0765,CXR2414,CXR2414_v2_summary,summary,improvement,7,2,-5,0.35714286,0.0,0.0,0.21538461538461537,0.21538461538461537,0.0,1.0,1.0,CXR1076,CXR1076,CXR1076,False,retrieval_improvement,retrieval_improvement,not_reviewed
1.0,10f57ba,d3b0765,CXR2433,CXR2433_v2_findings,findings,improvement,98,27,-71,0.02683296,0.0,0.0,0.2121212121212121,0.2121212121212121,0.0,1.0,1.0,CXR1076,CXR1076,CXR1076,False,representative_retrieval_improvement;retrieval_improvement,possible_generation_unsupported_addition;representative_retrieval_improvement;retrieval_improvement,not_reviewed
1.0,10f57ba,d3b0765,CXR2433,CXR2433_v2_impression,impression,improvement,49,9,-40,0.09070295,0.0,0.0,0.0,0.0,0.0,1.0,1.0,CXR1076,CXR1076,CXR1076,False,retrieval_improvement,possible_generation_unsupported_addition;retrieval_improvement,not_reviewed
1.0,10f57ba,d3b0765,CXR2433,CXR2433_v2_summary,summary,improvement,16,5,-11,0.1375,0.0,0.0,0.054054054054054064,0.054054054054054064,0.0,1.0,1.0,CXR1076,CXR1076,CXR1076,False,retrieval_improvement,retrieval_improvement,not_reviewed
1.0,10f57ba,d3b0765,CXR2476,CXR2476_v2_findings,findings,degradation,2,3,1,-0.16666667,0.0,0.0,0.5507246376811595,0.5507246376811595,0.0,1.0,1.0,CXR3077,CXR3077,CXR3077,False,retrieval_degradation,possible_generation_unsupported_addition;retrieval_degradation,not_reviewed
1.0,10f57ba,d3b0765,CXR2476,CXR2476_v2_impression,impression,no_change,2,2,0,0.0,0.0,0.0,0.0,0.0,0.0,1.0,1.0,CXR3077,CXR3077,CXR3077,False,,possible_generation_unsupported_addition,not_reviewed
1.0,10f57ba,d3b0765,CXR2476,CXR2476_v2_summary,summary,no_change,2,2,0,0.0,0.0,0.0,0.07407407407407407,0.07407407407407407,0.0,1.0,1.0,CXR3077,CXR3077,CXR3077,False,,no_obvious_error,not_reviewed
1.0,10f57ba,d3b0765,CXR2505,CXR2505_v2_findings,findings,no_change,1,1,0,0.0,0.0,0.0,0.0,0.0,0.0,0.0,0.0,CXR2505,CXR2505,CXR2505,True,,abstention_case;correct_retrieval_generation_error;possible_generation_unsupported_addition;possible_verifier_over_rejection;representative_generation_error,not_reviewed
1.0,10f57ba,d3b0765,CXR2505,CXR2505_v2_impression,impression,no_change,1,1,0,0.0,0.0,0.0,0.8333333333333334,0.8333333333333334,0.0,0.5,0.5,CXR2505,CXR2505,CXR2505,True,,possible_generation_unsupported_addition,not_reviewed
1.0,10f57ba,d3b0765,CXR2505,CXR2505_v2_summary,summary,no_change,1,1,0,0.0,0.0,0.0,0.3846153846153846,0.3846153846153846,0.0,0.5,0.5,CXR2505,CXR2505,CXR2505,True,,correct_retrieval_generation_error;possible_generation_unsupported_addition,not_reviewed
1.0,10f57ba,d3b0765,CXR2528,CXR2528_v2_findings,findings,degradation,10,11,1,-0.00909091,0.0,0.0,0.07692307692307693,0.07692307692307693,0.0,0.8333333333333334,0.8333333333333334,CXR2789,CXR2789,CXR2789,False,retrieval_degradation,possible_generation_unsupported_addition;retrieval_degradation,not_reviewed
1.0,10f57ba,d3b0765,CXR2528,CXR2528_v2_impression,impression,degradation,9,10,1,-0.01111111,0.0,0.0,0.13333333333333333,0.13333333333333333,0.0,1.0,1.0,CXR1412,CXR1412,CXR1412,False,retrieval_degradation,possible_generation_unsupported_addition;retrieval_degradation,not_reviewed
1.0,10f57ba,d3b0765,CXR2528,CXR2528_v2_summary,summary,degradation,9,10,1,-0.01111111,0.08508159,0.0516934,0.0392156862745098,0.09090909090909091,0.0,1.0,1.0,CXR1076,CXR420,CXR420,False,retrieval_degradation,retrieval_degradation,not_reviewed
1.0,10f57ba,d3b0765,CXR2553,CXR2553_v2_findings,findings,no_change,2,2,0,0.0,0.0,0.0,0.2181818181818182,0.2181818181818182,0.0,0.5,0.5,CXR3997,CXR3997,CXR3997,False,,possible_generation_unsupported_addition;possible_verifier_over_rejection,not_reviewed
1.0,10f57ba,d3b0765,CXR2553,CXR2553_v2_impression,impression,improvement,2,1,-1,0.5,0.92307692,1.0,0.0,1.0,-0.5,1.0,0.5,CXR1076,CXR2553,CXR2553,True,retrieval_improvement,possible_generation_unsupported_addition;qa_gain_support_loss;representative_qa_gain_support_loss;retrieval_improvement;verifier_evidence_disagreement,not_reviewed
1.0,10f57ba,d3b0765,CXR2553,CXR2553_v2_summary,summary,improvement,3,1,-2,0.66666667,0.93548387,0.0526849,0.0425531914893617,0.09523809523809523,-0.66666667,1.0,0.3333333333333333,CXR2637,CXR2553,CXR2553,True,retrieval_improvement,correct_retrieval_generation_error;possible_generation_unsupported_addition;possible_verifier_over_rejection;qa_gain_support_loss;retrieval_improvement;verifier_evidence_disagreement,not_reviewed
1.0,10f57ba,d3b0765,CXR2565,CXR2565_v2_findings,findings,no_change,1,1,0,0.0,0.0,0.0,0.5901639344262296,0.5901639344262296,0.0,0.8333333333333334,0.8333333333333334,CXR2565,CXR2565,CXR2565,True,,possible_generation_unsupported_addition;possible_verifier_over_rejection,not_reviewed
1.0,10f57ba,d3b0765,CXR2565,CXR2565_v2_impression,impression,no_change,1,1,0,0.0,0.0,0.0,0.9166666666666666,0.9166666666666666,0.0,0.6666666666666666,0.6666666666666666,CXR2565,CXR2565,CXR2565,True,,possible_generation_unsupported_addition,not_reviewed
1.0,10f57ba,d3b0765,CXR2565,CXR2565_v2_summary,summary,no_change,1,1,0,0.0,0.0,0.0,0.0,0.0,0.0,0.0,0.0,CXR2565,CXR2565,CXR2565,True,,abstention_case;correct_retrieval_generation_error;possible_generation_unsupported_addition;possible_verifier_over_rejection,not_reviewed
1.0,10f57ba,d3b0765,CXR257,CXR257_v2_findings,findings,degradation,20,38,18,-0.02368421,0.0,0.0,0.0,0.0,0.0,0.5,0.5,CXR3997,CXR3997,CXR3997,False,representative_retrieval_degradation;retrieval_degradation,possible_generation_unsupported_addition;possible_verifier_over_rejection;representative_retrieval_degradation;retrieval_degradation,not_reviewed
1.0,10f57ba,d3b0765,CXR257,CXR257_v2_impression,impression,degradation,22,34,12,-0.01604278,0.0,0.0,0.0,0.0,0.0,1.0,1.0,CXR3997,CXR3997,CXR3997,False,representative_retrieval_degradation;retrieval_degradation,possible_generation_unsupported_addition;representative_retrieval_degradation;retrieval_degradation,not_reviewed
1.0,10f57ba,d3b0765,CXR257,CXR257_v2_summary,summary,degradation,13,15,2,-0.01025641,-0.06060606,-0.09167975,0.12244897959183672,0.03076923076923077,0.0,1.0,1.0,CXR2637,CXR3997,CXR3997,False,retrieval_degradation,retrieval_degradation,not_reviewed
1.0,10f57ba,d3b0765,CXR25,CXR25_v2_findings,findings,no_change,1,1,0,0.0,0.0,0.0,0.7676767676767677,0.7676767676767677,0.0,1.0,1.0,CXR25,CXR25,CXR25,True,,possible_generation_unsupported_addition,not_reviewed
1.0,10f57ba,d3b0765,CXR25,CXR25_v2_impression,impression,no_change,1,1,0,0.0,0.0,0.0,0.6567164179104479,0.6567164179104479,0.0,1.0,1.0,CXR25,CXR25,CXR25,True,,possible_generation_unsupported_addition,not_reviewed
1.0,10f57ba,d3b0765,CXR25,CXR25_v2_summary,summary,no_change,1,1,0,0.0,0.0,0.0,0.5063291139240507,0.5063291139240507,0.0,1.0,1.0,CXR25,CXR25,CXR25,True,,no_obvious_error,not_reviewed
1.0,10f57ba,d3b0765,CXR2637,CXR2637_v2_findings,findings,no_change,2,2,0,0.0,0.0,0.0,0.27027027027027023,0.27027027027027023,0.0,1.0,1.0,CXR1076,CXR1076,CXR1076,False,,possible_generation_unsupported_addition,not_reviewed
1.0,10f57ba,d3b0765,CXR2637,CXR2637_v2_impression,impression,no_change,2,2,0,0.0,0.0,0.0,0.08,0.08,0.0,1.0,1.0,CXR1076,CXR1076,CXR1076,False,,possible_generation_unsupported_addition,not_reviewed
1.0,10f57ba,d3b0765,CXR2637,CXR2637_v2_summary,summary,no_change,1,1,0,0.0,0.0,0.0,0.3235294117647059,0.3235294117647059,0.0,1.0,1.0,CXR2637,CXR2637,CXR2637,True,,correct_retrieval_generation_error,not_reviewed
1.0,10f57ba,d3b0765,CXR2646,CXR2646_v2_findings,findings,improvement,23,12,-11,0.03985507,0.0,0.0,0.2790697674418604,0.2790697674418604,0.0,0.5,0.5,CXR3997,CXR3997,CXR3997,False,retrieval_improvement,possible_generation_unsupported_addition;possible_verifier_over_rejection;retrieval_improvement,not_reviewed
1.0,10f57ba,d3b0765,CXR2646,CXR2646_v2_impression,impression,improvement,13,8,-5,0.04807692,0.33333333,0.19047619,0.0,0.19047619047619047,0.0,1.0,1.0,CXR1076,CXR3997,CXR3997,False,retrieval_improvement,possible_generation_unsupported_addition;retrieval_improvement,not_reviewed
1.0,10f57ba,d3b0765,CXR2646,CXR2646_v2_summary,summary,improvement,19,10,-9,0.04736842,0.0,0.0,0.12244897959183675,0.12244897959183675,0.0,0.6666666666666666,0.6666666666666666,CXR1276,CXR1276,CXR1276,False,retrieval_improvement,possible_generation_unsupported_addition;retrieval_improvement,not_reviewed
1.0,10f57ba,d3b0765,CXR2681,CXR2681_v2_findings,findings,no_change,1,1,0,0.0,0.0,0.0,0.6964285714285715,0.6964285714285715,0.0,1.0,1.0,CXR2681,CXR2681,CXR2681,True,,possible_generation_unsupported_addition,not_reviewed
1.0,10f57ba,d3b0765,CXR2681,CXR2681_v2_impression,impression,no_change,1,1,0,0.0,0.0,0.0,1.0,1.0,0.0,0.5,0.5,CXR2681,CXR2681,CXR2681,True,,possible_generation_unsupported_addition,not_reviewed
1.0,10f57ba,d3b0765,CXR2681,CXR2681_v2_summary,summary,no_change,1,1,0,0.0,0.0,0.0,0.0,0.0,0.0,1.0,1.0,CXR2681,CXR2681,CXR2681,True,,correct_retrieval_generation_error,not_reviewed
1.0,10f57ba,d3b0765,CXR2690,CXR2690_v2_findings,findings,no_change,1,1,0,0.0,0.0,0.0,0.575,0.575,0.0,1.0,1.0,CXR2690,CXR2690,CXR2690,True,,possible_generation_unsupported_addition,not_reviewed
1.0,10f57ba,d3b0765,CXR2690,CXR2690_v2_impression,impression,no_change,1,1,0,0.0,0.0,0.0,1.0,1.0,0.0,0.5,0.5,CXR2690,CXR2690,CXR2690,True,,possible_generation_unsupported_addition,not_reviewed
1.0,10f57ba,d3b0765,CXR2690,CXR2690_v2_summary,summary,no_change,1,1,0,0.0,0.0,0.0,0.3636363636363636,0.3636363636363636,0.0,1.0,1.0,CXR2690,CXR2690,CXR2690,True,,correct_retrieval_generation_error,not_reviewed
1.0,10f57ba,d3b0765,CXR2702,CXR2702_v2_findings,findings,no_change,1,1,0,0.0,0.0,0.0,0.0,0.0,0.0,0.0,0.0,CXR2702,CXR2702,CXR2702,True,,abstention_case;correct_retrieval_generation_error;possible_generation_unsupported_addition;possible_verifier_over_rejection;representative_generation_error,not_reviewed
1.0,10f57ba,d3b0765,CXR2702,CXR2702_v2_impression,impression,no_change,1,1,0,0.0,0.0,0.0,0.5263157894736842,0.5263157894736842,0.0,1.0,1.0,CXR2702,CXR2702,CXR2702,True,,no_obvious_error,not_reviewed
1.0,10f57ba,d3b0765,CXR2702,CXR2702_v2_summary,summary,no_change,1,1,0,0.0,0.0,0.0,0.4347826086956522,0.4347826086956522,0.0,1.0,1.0,CXR2702,CXR2702,CXR2702,True,,correct_retrieval_generation_error,not_reviewed
1.0,10f57ba,d3b0765,CXR273,CXR273_v2_findings,findings,improvement,52,50,-2,0.00076923,0.0,0.0,0.24615384615384614,0.24615384615384614,0.0,1.0,1.0,CXR2810,CXR2810,CXR2810,False,retrieval_improvement,possible_generation_unsupported_addition;retrieval_improvement,not_reviewed
1.0,10f57ba,d3b0765,CXR273,CXR273_v2_impression,impression,improvement,41,37,-4,0.00263678,-0.03896104,0.02600473,0.0851063829787234,0.1111111111111111,0.0,1.0,1.0,CXR1076,CXR2661,CXR2661,False,retrieval_improvement,retrieval_improvement,not_reviewed
1.0,10f57ba,d3b0765,CXR273,CXR273_v2_summary,summary,improvement,51,46,-5,0.00213129,0.14285714,0.06060606,0.0,0.06060606060606061,-0.66666667,0.6666666666666666,0.0,CXR821,CXR2661,CXR2661,False,retrieval_improvement,abstention_case;possible_generation_unsupported_addition;possible_verifier_over_rejection;qa_gain_support_loss;retrieval_improvement;verifier_evidence_disagreement,not_reviewed
1.0,10f57ba,d3b0765,CXR2789,CXR2789_v2_findings,findings,no_change,1,1,0,0.0,0.0,0.0,0.625,0.625,0.0,0.8333333333333334,0.8333333333333334,CXR2789,CXR2789,CXR2789,True,,possible_generation_unsupported_addition;possible_verifier_over_rejection,not_reviewed
1.0,10f57ba,d3b0765,CXR2789,CXR2789_v2_impression,impression,no_change,1,1,0,0.0,0.0,0.0,1.0,1.0,0.0,0.5,0.5,CXR2789,CXR2789,CXR2789,True,,possible_generation_unsupported_addition,not_reviewed
1.0,10f57ba,d3b0765,CXR2789,CXR2789_v2_summary,summary,no_change,1,1,0,0.0,0.0,0.0,0.1111111111111111,0.1111111111111111,0.0,1.0,1.0,CXR2789,CXR2789,CXR2789,True,,correct_retrieval_generation_error,not_reviewed
1.0,10f57ba,d3b0765,CXR2810,CXR2810_v2_findings,findings,no_change,1,1,0,0.0,0.0,0.0,0.6774193548387097,0.6774193548387097,0.0,1.0,1.0,CXR2810,CXR2810,CXR2810,True,,possible_generation_unsupported_addition,not_reviewed
1.0,10f57ba,d3b0765,CXR2810,CXR2810_v2_impression,impression,no_change,1,1,0,0.0,0.0,0.0,1.0,1.0,0.0,0.5,0.5,CXR2810,CXR2810,CXR2810,True,,possible_generation_unsupported_addition,not_reviewed
1.0,10f57ba,d3b0765,CXR2810,CXR2810_v2_summary,summary,improvement,2,1,-1,0.5,0.69230769,-0.03571429,0.14285714285714285,0.10714285714285714,0.33333333,0.6666666666666666,1.0,CXR821,CXR2810,CXR2810,True,retrieval_improvement,correct_retrieval_generation_error;retrieval_improvement,not_reviewed
1.0,10f57ba,d3b0765,CXR2818,CXR2818_v2_findings,findings,improvement,6,3,-3,0.16666667,-0.01447368,0.00541667,0.21333333333333332,0.21875000000000003,0.0,1.0,1.0,CXR1076,CXR3018,CXR3018,False,retrieval_improvement,possible_generation_unsupported_addition;retrieval_improvement,not_reviewed
1.0,10f57ba,d3b0765,CXR2818,CXR2818_v2_impression,impression,improvement,5,2,-3,0.3,-0.00750469,0.03181818,0.21818181818181817,0.25,0.0,1.0,1.0,CXR1076,CXR1740,CXR1740,False,retrieval_improvement,possible_generation_unsupported_addition;retrieval_improvement,not_reviewed
1.0,10f57ba,d3b0765,CXR2818,CXR2818_v2_summary,summary,improvement,3,1,-2,0.66666667,0.84615385,0.14375,0.15625,0.30000000000000004,-0.33333333,1.0,0.6666666666666666,CXR1076,CXR2818,CXR2818,True,retrieval_improvement,correct_retrieval_generation_error;possible_generation_unsupported_addition;possible_verifier_over_rejection;qa_gain_support_loss;representative_qa_gain_support_loss;retrieval_improvement;verifier_evidence_disagreement,not_reviewed
1.0,10f57ba,d3b0765,CXR2857,CXR2857_v2_findings,findings,improvement,96,61,-35,0.00597678,0.0760897,0.03485354,0.17204301075268816,0.20689655172413793,0.0,1.0,1.0,CXR1076,CXR2810,CXR2810,False,retrieval_improvement,possible_generation_unsupported_addition;retrieval_improvement,not_reviewed
1.0,10f57ba,d3b0765,CXR2857,CXR2857_v2_impression,impression,improvement,78,48,-30,0.00801282,0.42857143,0.27272727,0.0,0.27272727272727276,0.0,1.0,1.0,CXR1076,CXR1306,CXR1306,False,retrieval_improvement,possible_generation_unsupported_addition;retrieval_improvement,not_reviewed
1.0,10f57ba,d3b0765,CXR2857,CXR2857_v2_summary,summary,improvement,39,34,-5,0.00377074,0.0,0.0,0.054054054054054064,0.054054054054054064,0.0,1.0,1.0,CXR1076,CXR1076,CXR1076,False,retrieval_improvement,retrieval_improvement,not_reviewed
1.0,10f57ba,d3b0765,CXR2940,CXR2940_v2_findings,findings,no_change,1,1,0,0.0,0.0,0.0,0.6296296296296295,0.6296296296296295,0.0,0.8,0.8,CXR2940,CXR2940,CXR2940,True,,possible_generation_unsupported_addition;possible_verifier_over_rejection,not_reviewed
1.0,10f57ba,d3b0765,CXR2940,CXR2940_v2_impression,impression,no_change,1,1,0,0.0,0.0,0.0,0.33333333333333337,0.33333333333333337,0.0,1.0,1.0,CXR2940,CXR2940,CXR2940,True,,correct_retrieval_generation_error,not_reviewed
1.0,10f57ba,d3b0765,CXR2940,CXR2940_v2_summary,summary,no_change,1,1,0,0.0,0.0,0.0,0.2222222222222222,0.2222222222222222,0.0,1.0,1.0,CXR2940,CXR2940,CXR2940,True,,correct_retrieval_generation_error,not_reviewed
1.0,10f57ba,d3b0765,CXR2968,CXR2968_v2_findings,findings,improvement,32,12,-20,0.05208333,0.14923747,-0.06144393,0.19047619047619047,0.12903225806451613,-0.5,1.0,0.5,CXR1076,CXR3997,CXR3997,False,retrieval_improvement,possible_generation_unsupported_addition;possible_verifier_over_rejection;retrieval_improvement;verifier_evidence_disagreement,not_reviewed
1.0,10f57ba,d3b0765,CXR2968,CXR2968_v2_impression,impression,improvement,71,18,-53,0.04147105,-0.02007168,-0.01709402,0.061538461538461535,0.04444444444444444,-0.5,1.0,0.5,CXR1076,CXR2255,CXR2255,False,retrieval_improvement,possible_generation_unsupported_addition;possible_verifier_over_rejection;retrieval_improvement;verifier_evidence_disagreement,not_reviewed
1.0,10f57ba,d3b0765,CXR2968,CXR2968_v2_summary,summary,improvement,56,23,-33,0.02562112,-0.02007168,0.02748511,0.1081081081081081,0.13559322033898308,0.0,1.0,1.0,CXR1076,CXR1978,CXR1978,False,retrieval_improvement,retrieval_improvement,not_reviewed
1.0,10f57ba,d3b0765,CXR2981,CXR2981_v2_findings,findings,no_change,1,1,0,0.0,0.0,0.0,0.7384615384615384,0.7384615384615384,0.0,0.8,0.8,CXR2981,CXR2981,CXR2981,True,,possible_generation_unsupported_addition,not_reviewed
1.0,10f57ba,d3b0765,CXR2981,CXR2981_v2_impression,impression,no_change,1,1,0,0.0,0.0,0.0,0.5,0.5,0.0,1.0,1.0,CXR2981,CXR2981,CXR2981,True,,possible_generation_unsupported_addition,not_reviewed
1.0,10f57ba,d3b0765,CXR2981,CXR2981_v2_summary,summary,no_change,1,1,0,0.0,0.0,0.0,0.2424242424242424,0.2424242424242424,0.0,0.6666666666666666,0.6666666666666666,CXR2981,CXR2981,CXR2981,True,,correct_retrieval_generation_error;possible_generation_unsupported_addition,not_reviewed
1.0,10f57ba,d3b0765,CXR3005,CXR3005_v2_findings,findings,improvement,18,5,-13,0.14444444,-0.02643678,0.12310902,0.07407407407407407,0.19718309859154928,-0.05,0.8,0.75,CXR41,CXR1439,CXR1439,False,retrieval_improvement,possible_generation_unsupported_addition;possible_verifier_over_rejection;qa_gain_support_loss;representative_qa_gain_support_loss;retrieval_improvement;verifier_evidence_disagreement,not_reviewed
1.0,10f57ba,d3b0765,CXR3005,CXR3005_v2_impression,impression,improvement,11,2,-9,0.40909091,-0.16666667,0.0,0.0,0.0,0.0,1.0,1.0,CXR1076,CXR3100,CXR3100,False,retrieval_improvement,possible_generation_unsupported_addition;retrieval_improvement,not_reviewed
1.0,10f57ba,d3b0765,CXR3005,CXR3005_v2_summary,summary,improvement,7,3,-4,0.19047619,-0.16666667,0.0,0.0,0.0,0.0,1.0,1.0,CXR1076,CXR3100,CXR3100,False,retrieval_improvement,retrieval_improvement,not_reviewed
1.0,10f57ba,d3b0765,CXR3018,CXR3018_v2_findings,findings,no_change,1,1,0,0.0,0.0,0.0,0.7450980392156864,0.7450980392156864,0.0,1.0,1.0,CXR3018,CXR3018,CXR3018,True,,possible_generation_unsupported_addition,not_reviewed
1.0,10f57ba,d3b0765,CXR3018,CXR3018_v2_impression,impression,improvement,2,1,-1,0.5,1.0,0.5,0.0,0.5,0.0,1.0,1.0,CXR1076,CXR3018,CXR3018,True,retrieval_improvement,possible_generation_unsupported_addition;retrieval_improvement,not_reviewed
1.0,10f57ba,d3b0765,CXR3018,CXR3018_v2_summary,summary,improvement,2,1,-1,0.5,1.0,0.36363636,0.0,0.3636363636363636,-0.5,1.0,0.5,CXR1076,CXR3018,CXR3018,True,retrieval_improvement,correct_retrieval_generation_error;possible_generation_unsupported_addition;qa_gain_support_loss;representative_qa_gain_support_loss;retrieval_improvement;verifier_evidence_disagreement,not_reviewed
1.0,10f57ba,d3b0765,CXR3038,CXR3038_v2_findings,findings,no_change,1,1,0,0.0,0.0,0.0,0.5631067961165049,0.5631067961165049,0.0,1.0,1.0,CXR3038,CXR3038,CXR3038,True,,possible_generation_unsupported_addition,not_reviewed
1.0,10f57ba,d3b0765,CXR3038,CXR3038_v2_impression,impression,no_change,1,1,0,0.0,0.0,0.0,0.7037037037037037,0.7037037037037037,0.0,1.0,1.0,CXR3038,CXR3038,CXR3038,True,,possible_generation_unsupported_addition,not_reviewed
1.0,10f57ba,d3b0765,CXR3038,CXR3038_v2_summary,summary,no_change,1,1,0,0.0,0.0,0.0,0.35294117647058826,0.35294117647058826,0.0,1.0,1.0,CXR3038,CXR3038,CXR3038,True,,correct_retrieval_generation_error,not_reviewed
1.0,10f57ba,d3b0765,CXR3100,CXR3100_v2_findings,findings,no_change,1,1,0,0.0,0.0,0.0,0.4782608695652174,0.4782608695652174,0.0,1.0,1.0,CXR3100,CXR3100,CXR3100,True,,correct_retrieval_generation_error;possible_generation_unsupported_addition,not_reviewed
1.0,10f57ba,d3b0765,CXR3100,CXR3100_v2_impression,impression,no_change,1,1,0,0.0,0.0,0.0,0.5,0.5,0.0,1.0,1.0,CXR3100,CXR3100,CXR3100,True,,possible_generation_unsupported_addition,not_reviewed
1.0,10f57ba,d3b0765,CXR3100,CXR3100_v2_summary,summary,no_change,1,1,0,0.0,0.0,0.0,0.4210526315789474,0.4210526315789474,0.0,1.0,1.0,CXR3100,CXR3100,CXR3100,True,,correct_retrieval_generation_error,not_reviewed
1.0,10f57ba,d3b0765,CXR3108,CXR3108_v2_findings,findings,no_change,1,1,0,0.0,0.0,0.0,0.5681818181818183,0.5681818181818183,0.0,0.6666666666666666,0.6666666666666666,CXR3108,CXR3108,CXR3108,True,,possible_generation_unsupported_addition;possible_verifier_over_rejection,not_reviewed
1.0,10f57ba,d3b0765,CXR3108,CXR3108_v2_impression,impression,no_change,1,1,0,0.0,0.0,0.0,0.5882352941176471,0.5882352941176471,0.0,1.0,1.0,CXR3108,CXR3108,CXR3108,True,,no_obvious_error,not_reviewed
1.0,10f57ba,d3b0765,CXR3108,CXR3108_v2_summary,summary,no_change,1,1,0,0.0,0.0,0.0,0.5555555555555556,0.5555555555555556,0.0,1.0,1.0,CXR3108,CXR3108,CXR3108,True,,no_obvious_error,not_reviewed
1.0,10f57ba,d3b0765,CXR3118,CXR3118_v2_findings,findings,no_change,1,1,0,0.0,0.0,0.0,0.43243243243243246,0.43243243243243246,0.0,0.5,0.5,CXR3118,CXR3118,CXR3118,True,,correct_retrieval_generation_error;possible_generation_unsupported_addition;possible_verifier_over_rejection,not_reviewed
1.0,10f57ba,d3b0765,CXR3118,CXR3118_v2_impression,impression,no_change,1,1,0,0.0,0.0,0.0,1.0,1.0,0.0,0.5,0.5,CXR3118,CXR3118,CXR3118,True,,possible_generation_unsupported_addition,not_reviewed
1.0,10f57ba,d3b0765,CXR3118,CXR3118_v2_summary,summary,no_change,1,1,0,0.0,0.0,0.0,0.16666666666666666,0.16666666666666666,0.0,0.6666666666666666,0.6666666666666666,CXR3118,CXR3118,CXR3118,True,,correct_retrieval_generation_error;possible_generation_unsupported_addition,not_reviewed
1.0,10f57ba,d3b0765,CXR313,CXR313_v2_findings,findings,no_change,1,1,0,0.0,0.0,0.0,0.8153846153846154,0.8153846153846154,0.0,1.0,1.0,CXR313,CXR313,CXR313,True,,possible_generation_unsupported_addition,not_reviewed
1.0,10f57ba,d3b0765,CXR313,CXR313_v2_impression,impression,no_change,1,1,0,0.0,0.0,0.0,0.7307692307692308,0.7307692307692308,0.0,1.0,1.0,CXR313,CXR313,CXR313,True,,possible_generation_unsupported_addition,not_reviewed
1.0,10f57ba,d3b0765,CXR313,CXR313_v2_summary,summary,no_change,1,1,0,0.0,0.0,0.0,0.5901639344262294,0.5901639344262294,0.0,1.0,1.0,CXR313,CXR313,CXR313,True,,no_obvious_error,not_reviewed
1.0,10f57ba,d3b0765,CXR3159,CXR3159_v2_findings,findings,improvement,3,1,-2,0.66666667,0.82608696,-0.15625,0.15625,0.0,-1.0,1.0,0.0,CXR1076,CXR3159,CXR3159,True,retrieval_improvement,abstention_case;correct_retrieval_generation_error;possible_generation_unsupported_addition;possible_verifier_over_rejection;retrieval_improvement;verifier_evidence_disagreement,not_reviewed
1.0,10f57ba,d3b0765,CXR3159,CXR3159_v2_impression,impression,improvement,16,3,-13,0.27083333,0.0,0.0,0.0,0.0,0.0,1.0,1.0,CXR1076,CXR1076,CXR1076,False,retrieval_improvement,possible_generation_unsupported_addition;retrieval_improvement,not_reviewed
1.0,10f57ba,d3b0765,CXR3159,CXR3159_v2_summary,summary,improvement,11,3,-8,0.24242424,0.0,0.0,0.0,0.0,0.0,1.0,1.0,CXR1076,CXR1076,CXR1076,False,retrieval_improvement,retrieval_improvement,not_reviewed
1.0,10f57ba,d3b0765,CXR3174,CXR3174_v2_findings,findings,degradation,19,40,21,-0.02763158,0.01666667,-0.08352179,0.2626262626262626,0.17910447761194032,-0.5,1.0,0.5,CXR1076,CXR3997,CXR3997,False,representative_retrieval_degradation;retrieval_degradation,possible_generation_unsupported_addition;possible_verifier_over_rejection;representative_retrieval_degradation;retrieval_degradation;verifier_evidence_disagreement,not_reviewed
1.0,10f57ba,d3b0765,CXR3174,CXR3174_v2_impression,impression,degradation,10,19,9,-0.04736842,-0.2,-0.18604651,0.186046511627907,0.0,0.0,1.0,1.0,CXR1076,CXR495,CXR495,False,retrieval_degradation,retrieval_degradation,not_reviewed
1.0,10f57ba,d3b0765,CXR3174,CXR3174_v2_summary,summary,degradation,8,11,3,-0.03409091,-0.11304348,-0.00727651,0.11538461538461539,0.10810810810810811,0.0,1.0,1.0,CXR1076,CXR2945,CXR2945,False,retrieval_degradation,retrieval_degradation,not_reviewed
1.0,10f57ba,d3b0765,CXR3231,CXR3231_v2_findings,findings,no_change,1,1,0,0.0,0.0,0.0,0.6326530612244897,0.6326530612244897,0.0,1.0,1.0,CXR3231,CXR3231,CXR3231,True,,possible_generation_unsupported_addition,not_reviewed
1.0,10f57ba,d3b0765,CXR3231,CXR3231_v2_impression,impression,no_change,1,1,0,0.0,0.0,0.0,0.7058823529411764,0.7058823529411764,0.0,1.0,1.0,CXR3231,CXR3231,CXR3231,True,,possible_generation_unsupported_addition,not_reviewed
1.0,10f57ba,d3b0765,CXR3231,CXR3231_v2_summary,summary,no_change,1,1,0,0.0,0.0,0.0,0.2903225806451613,0.2903225806451613,0.0,1.0,1.0,CXR3231,CXR3231,CXR3231,True,,correct_retrieval_generation_error,not_reviewed
1.0,10f57ba,d3b0765,CXR3272,CXR3272_v2_findings,findings,improvement,3,2,-1,0.16666667,0.0,0.0,0.2608695652173913,0.2608695652173913,0.0,1.0,1.0,CXR1076,CXR1076,CXR1076,False,retrieval_improvement,possible_generation_unsupported_addition;retrieval_improvement,not_reviewed
1.0,10f57ba,d3b0765,CXR3272,CXR3272_v2_impression,impression,no_change,2,2,0,0.0,0.0,0.0,0.06896551724137931,0.06896551724137931,0.0,1.0,1.0,CXR1076,CXR1076,CXR1076,False,,possible_generation_unsupported_addition,not_reviewed
1.0,10f57ba,d3b0765,CXR3272,CXR3272_v2_summary,summary,no_change,2,2,0,0.0,0.0,0.0,0.052631578947368425,0.052631578947368425,0.0,1.0,1.0,CXR1076,CXR1076,CXR1076,False,,no_obvious_error,not_reviewed
1.0,10f57ba,d3b0765,CXR3401,CXR3401_v2_findings,findings,no_change,1,1,0,0.0,0.0,0.0,0.6904761904761905,0.6904761904761905,0.0,1.0,1.0,CXR3401,CXR3401,CXR3401,True,,possible_generation_unsupported_addition,not_reviewed
1.0,10f57ba,d3b0765,CXR3401,CXR3401_v2_impression,impression,no_change,1,1,0,0.0,0.0,0.0,0.5,0.5,0.0,1.0,1.0,CXR3401,CXR3401,CXR3401,True,,possible_generation_unsupported_addition,not_reviewed
1.0,10f57ba,d3b0765,CXR3401,CXR3401_v2_summary,summary,no_change,1,1,0,0.0,0.0,0.0,0.14035087719298245,0.14035087719298245,0.0,1.0,1.0,CXR3401,CXR3401,CXR3401,True,,correct_retrieval_generation_error,not_reviewed
1.0,10f57ba,d3b0765,CXR3437,CXR3437_v2_findings,findings,improvement,64,40,-24,0.009375,-0.19139505,0.0974026,0.04545454545454545,0.14285714285714285,0.5,0.0,0.5,CXR2361,CXR3997,CXR3997,False,retrieval_improvement,abstention_case;possible_generation_unsupported_addition;possible_verifier_over_rejection;retrieval_improvement;verifier_evidence_disagreement,not_reviewed
1.0,10f57ba,d3b0765,CXR3437,CXR3437_v2_impression,impression,improvement,57,35,-22,0.01102757,-0.07692308,0.0,0.0,0.0,0.0,1.0,1.0,CXR1076,CXR495,CXR495,False,retrieval_improvement,retrieval_improvement,not_reviewed
1.0,10f57ba,d3b0765,CXR3437,CXR3437_v2_summary,summary,improvement,14,8,-6,0.05357143,0.27350427,-0.05042017,0.2857142857142857,0.2352941176470588,0.0,0.6666666666666666,0.6666666666666666,CXR821,CXR2981,CXR2981,False,retrieval_improvement,possible_generation_unsupported_addition;retrieval_improvement,not_reviewed
1.0,10f57ba,d3b0765,CXR343,CXR343_v2_findings,findings,no_change,114,114,0,0.0,0.0,0.0,0.13157894736842105,0.13157894736842105,0.0,1.0,1.0,CXR1076,CXR1076,CXR1076,False,,possible_generation_unsupported_addition,not_reviewed
1.0,10f57ba,d3b0765,CXR343,CXR343_v2_impression,impression,improvement,96,21,-75,0.03720238,0.0,0.0,0.05714285714285715,0.05714285714285715,0.0,1.0,1.0,CXR1076,CXR1076,CXR1076,False,representative_retrieval_improvement;retrieval_improvement,possible_generation_unsupported_addition;representative_retrieval_improvement;retrieval_improvement,not_reviewed
1.0,10f57ba,d3b0765,CXR343,CXR343_v2_summary,summary,no_change,136,136,0,0.0,0.0,0.0,0.045454545454545456,0.045454545454545456,0.0,1.0,1.0,CXR1076,CXR1076,CXR1076,False,,no_obvious_error,not_reviewed
1.0,10f57ba,d3b0765,CXR3448,CXR3448_v2_findings,findings,no_change,4,4,0,0.0,0.0,0.0,0.15384615384615385,0.15384615384615385,0.0,0.5,0.5,CXR3997,CXR3997,CXR3997,False,,possible_generation_unsupported_addition;possible_verifier_over_rejection,not_reviewed
1.0,10f57ba,d3b0765,CXR3448,CXR3448_v2_impression,impression,no_change,1,1,0,0.0,0.0,0.0,1.0,1.0,0.0,0.5,0.5,CXR3448,CXR3448,CXR3448,True,,possible_generation_unsupported_addition,not_reviewed
1.0,10f57ba,d3b0765,CXR3448,CXR3448_v2_summary,summary,no_change,1,1,0,0.0,0.0,0.0,0.4827586206896552,0.4827586206896552,0.0,1.0,1.0,CXR3448,CXR3448,CXR3448,True,,correct_retrieval_generation_error,not_reviewed
1.0,10f57ba,d3b0765,CXR3506,CXR3506_v2_findings,findings,improvement,3,3,0,0.0,0.17375566,-0.16666667,0.16666666666666666,0.0,-0.5,1.0,0.5,CXR1076,CXR3997,CXR3997,False,retrieval_improvement,possible_generation_unsupported_addition;possible_verifier_over_rejection;retrieval_improvement;verifier_evidence_disagreement,not_reviewed
1.0,10f57ba,d3b0765,CXR3506,CXR3506_v2_impression,impression,improvement,2,1,-1,0.5,1.0,1.0,0.0,1.0,-0.5,1.0,0.5,CXR1076,CXR3506,CXR3506,True,retrieval_improvement,possible_generation_unsupported_addition;qa_gain_support_loss;representative_qa_gain_support_loss;retrieval_improvement;verifier_evidence_disagreement,not_reviewed
1.0,10f57ba,d3b0765,CXR3506,CXR3506_v2_summary,summary,improvement,2,1,-1,0.5,1.0,0.3,0.0,0.3,0.0,1.0,1.0,CXR1076,CXR3506,CXR3506,True,retrieval_improvement,correct_retrieval_generation_error;retrieval_improvement,not_reviewed
1.0,10f57ba,d3b0765,CXR350,CXR350_v2_findings,findings,no_change,1,1,0,0.0,0.0,0.0,1.0,1.0,0.0,1.0,1.0,CXR350,CXR350,CXR350,True,,no_obvious_error,not_reviewed
1.0,10f57ba,d3b0765,CXR350,CXR350_v2_impression,impression,no_change,1,1,0,0.0,0.0,0.0,0.5185185185185185,0.5185185185185185,0.0,1.0,1.0,CXR350,CXR350,CXR350,True,,possible_generation_unsupported_addition,not_reviewed
1.0,10f57ba,d3b0765,CXR350,CXR350_v2_summary,summary,no_change,1,1,0,0.0,0.0,0.0,0.5142857142857143,0.5142857142857143,0.0,1.0,1.0,CXR350,CXR350,CXR350,True,,no_obvious_error,not_reviewed
1.0,10f57ba,d3b0765,CXR3536,CXR3536_v2_findings,findings,no_change,1,1,0,0.0,0.0,0.0,0.5825242718446602,0.5825242718446602,0.0,0.8571428571428571,0.8571428571428571,CXR3536,CXR3536,CXR3536,True,,possible_generation_unsupported_addition;possible_verifier_over_rejection,not_reviewed
1.0,10f57ba,d3b0765,CXR3536,CXR3536_v2_impression,impression,no_change,1,1,0,0.0,0.0,0.0,0.9090909090909091,0.9090909090909091,0.0,0.75,0.75,CXR3536,CXR3536,CXR3536,True,,possible_generation_unsupported_addition,not_reviewed
1.0,10f57ba,d3b0765,CXR3536,CXR3536_v2_summary,summary,no_change,1,1,0,0.0,0.0,0.0,0.31578947368421056,0.31578947368421056,0.0,1.0,1.0,CXR3536,CXR3536,CXR3536,True,,correct_retrieval_generation_error,not_reviewed
1.0,10f57ba,d3b0765,CXR3550,CXR3550_v2_findings,findings,improvement,5,4,-1,0.05,0.0,0.0,0.41509433962264153,0.41509433962264153,0.0,0.6,0.6,CXR859,CXR859,CXR859,False,retrieval_improvement,possible_generation_unsupported_addition;possible_verifier_over_rejection;retrieval_improvement,not_reviewed
1.0,10f57ba,d3b0765,CXR3550,CXR3550_v2_impression,impression,no_change,1,1,0,0.0,0.0,0.0,0.5,0.5,0.0,1.0,1.0,CXR3550,CXR3550,CXR3550,True,,possible_generation_unsupported_addition,not_reviewed
1.0,10f57ba,d3b0765,CXR3550,CXR3550_v2_summary,summary,no_change,1,1,0,0.0,0.0,0.0,0.3636363636363636,0.3636363636363636,0.0,0.5,0.5,CXR3550,CXR3550,CXR3550,True,,correct_retrieval_generation_error;possible_generation_unsupported_addition,not_reviewed
1.0,10f57ba,d3b0765,CXR3699,CXR3699_v2_findings,findings,no_change,1,1,0,0.0,0.0,0.0,0.05714285714285714,0.05714285714285714,0.0,0.0,0.0,CXR3699,CXR3699,CXR3699,True,,abstention_case;correct_retrieval_generation_error;possible_generation_unsupported_addition;possible_verifier_over_rejection,not_reviewed
1.0,10f57ba,d3b0765,CXR3699,CXR3699_v2_impression,impression,no_change,1,1,0,0.0,0.0,0.0,1.0,1.0,0.0,0.5,0.5,CXR3699,CXR3699,CXR3699,True,,possible_generation_unsupported_addition,not_reviewed
1.0,10f57ba,d3b0765,CXR3699,CXR3699_v2_summary,summary,no_change,1,1,0,0.0,0.0,0.0,0.15094339622641506,0.15094339622641506,0.0,1.0,1.0,CXR3699,CXR3699,CXR3699,True,,correct_retrieval_generation_error,not_reviewed
1.0,10f57ba,d3b0765,CXR3725,CXR3725_v2_findings,findings,no_change,1,1,0,0.0,0.0,0.0,0.7323943661971831,0.7323943661971831,0.0,1.0,1.0,CXR3725,CXR3725,CXR3725,True,,possible_generation_unsupported_addition,not_reviewed
1.0,10f57ba,d3b0765,CXR3725,CXR3725_v2_impression,impression,no_change,1,1,0,0.0,0.0,0.0,1.0,1.0,0.0,0.5,0.5,CXR3725,CXR3725,CXR3725,True,,possible_generation_unsupported_addition,not_reviewed
1.0,10f57ba,d3b0765,CXR3725,CXR3725_v2_summary,summary,no_change,1,1,0,0.0,0.0,0.0,0.2222222222222222,0.2222222222222222,0.0,0.75,0.75,CXR3725,CXR3725,CXR3725,True,,correct_retrieval_generation_error;possible_generation_unsupported_addition,not_reviewed
1.0,10f57ba,d3b0765,CXR372,CXR372_v2_findings,findings,no_change,1,1,0,0.0,0.0,0.0,0.6923076923076923,0.6923076923076923,0.0,1.0,1.0,CXR372,CXR372,CXR372,True,,possible_generation_unsupported_addition,not_reviewed
1.0,10f57ba,d3b0765,CXR372,CXR372_v2_impression,impression,no_change,1,1,0,0.0,0.0,0.0,0.6857142857142857,0.6857142857142857,0.0,1.0,1.0,CXR372,CXR372,CXR372,True,,possible_generation_unsupported_addition,not_reviewed
1.0,10f57ba,d3b0765,CXR372,CXR372_v2_summary,summary,no_change,1,1,0,0.0,0.0,0.0,0.32558139534883723,0.32558139534883723,0.0,0.5,0.5,CXR372,CXR372,CXR372,True,,correct_retrieval_generation_error;possible_generation_unsupported_addition,not_reviewed
1.0,10f57ba,d3b0765,CXR3748,CXR3748_v2_findings,findings,no_change,1,1,0,0.0,0.0,0.0,0.4137931034482759,0.4137931034482759,0.0,0.4,0.4,CXR3748,CXR3748,CXR3748,True,,correct_retrieval_generation_error;possible_generation_unsupported_addition;possible_verifier_over_rejection,not_reviewed
1.0,10f57ba,d3b0765,CXR3748,CXR3748_v2_impression,impression,no_change,1,1,0,0.0,0.0,0.0,1.0,1.0,0.0,0.5,0.5,CXR3748,CXR3748,CXR3748,True,,possible_generation_unsupported_addition,not_reviewed
1.0,10f57ba,d3b0765,CXR3748,CXR3748_v2_summary,summary,no_change,1,1,0,0.0,0.0,0.0,0.3636363636363636,0.3636363636363636,0.0,1.0,1.0,CXR3748,CXR3748,CXR3748,True,,correct_retrieval_generation_error,not_reviewed
1.0,10f57ba,d3b0765,CXR3784,CXR3784_v2_findings,findings,no_change,226,226,0,0.0,0.0,0.0,0.126984126984127,0.126984126984127,0.0,1.0,1.0,CXR1076,CXR1076,CXR1076,False,,possible_generation_unsupported_addition,not_reviewed
1.0,10f57ba,d3b0765,CXR3784,CXR3784_v2_impression,impression,no_change,125,125,0,0.0,0.0,0.0,0.0,0.0,0.0,1.0,1.0,CXR1076,CXR1076,CXR1076,False,,possible_generation_unsupported_addition,not_reviewed
1.0,10f57ba,d3b0765,CXR3784,CXR3784_v2_summary,summary,improvement,59,18,-41,0.0386064,0.0,0.0,0.05555555555555555,0.05555555555555555,0.0,1.0,1.0,CXR1076,CXR1076,CXR1076,False,representative_retrieval_improvement;retrieval_improvement,representative_retrieval_improvement;retrieval_improvement,not_reviewed
1.0,10f57ba,d3b0765,CXR3802,CXR3802_v2_findings,findings,no_change,1,1,0,0.0,0.0,0.0,0.6323529411764706,0.6323529411764706,0.0,0.8571428571428571,0.8571428571428571,CXR3802,CXR3802,CXR3802,True,,possible_generation_unsupported_addition,not_reviewed
1.0,10f57ba,d3b0765,CXR3802,CXR3802_v2_impression,impression,no_change,1,1,0,0.0,0.0,0.0,1.0,1.0,0.0,0.5,0.5,CXR3802,CXR3802,CXR3802,True,,possible_generation_unsupported_addition,not_reviewed
1.0,10f57ba,d3b0765,CXR3802,CXR3802_v2_summary,summary,no_change,1,1,0,0.0,0.0,0.0,0.0,0.0,0.0,1.0,1.0,CXR3802,CXR3802,CXR3802,True,,correct_retrieval_generation_error,not_reviewed
1.0,10f57ba,d3b0765,CXR3839,CXR3839_v2_findings,findings,no_change,1,1,0,0.0,0.0,0.0,0.4578313253012048,0.4578313253012048,0.0,0.8571428571428571,0.8571428571428571,CXR3839,CXR3839,CXR3839,True,,correct_retrieval_generation_error;possible_generation_unsupported_addition;possible_verifier_over_rejection,not_reviewed
1.0,10f57ba,d3b0765,CXR3839,CXR3839_v2_impression,impression,no_change,1,1,0,0.0,0.0,0.0,0.7804878048780487,0.7804878048780487,0.0,1.0,1.0,CXR3839,CXR3839,CXR3839,True,,possible_generation_unsupported_addition,not_reviewed
1.0,10f57ba,d3b0765,CXR3839,CXR3839_v2_summary,summary,no_change,1,1,0,0.0,0.0,0.0,0.39999999999999997,0.39999999999999997,0.0,0.5,0.5,CXR3839,CXR3839,CXR3839,True,,correct_retrieval_generation_error;possible_generation_unsupported_addition;possible_verifier_over_rejection,not_reviewed
1.0,10f57ba,d3b0765,CXR3847,CXR3847_v2_findings,findings,no_change,1,1,0,0.0,0.0,0.0,0.5507246376811594,0.5507246376811594,0.0,1.0,1.0,CXR3847,CXR3847,CXR3847,True,,possible_generation_unsupported_addition,not_reviewed
1.0,10f57ba,d3b0765,CXR3847,CXR3847_v2_impression,impression,no_change,1,1,0,0.0,0.0,0.0,0.7142857142857143,0.7142857142857143,0.0,1.0,1.0,CXR3847,CXR3847,CXR3847,True,,no_obvious_error,not_reviewed
1.0,10f57ba,d3b0765,CXR3847,CXR3847_v2_summary,summary,no_change,1,1,0,0.0,0.0,0.0,0.1724137931034483,0.1724137931034483,0.0,1.0,1.0,CXR3847,CXR3847,CXR3847,True,,correct_retrieval_generation_error,not_reviewed
1.0,10f57ba,d3b0765,CXR3875,CXR3875_v2_findings,findings,improvement,6,1,-5,0.83333333,0.69230769,-0.2515213,0.31034482758620696,0.058823529411764705,-1.0,1.0,0.0,CXR2810,CXR3875,CXR3875,True,retrieval_improvement,abstention_case;correct_retrieval_generation_error;possible_generation_unsupported_addition;possible_verifier_over_rejection;retrieval_improvement;verifier_evidence_disagreement,not_reviewed
1.0,10f57ba,d3b0765,CXR3875,CXR3875_v2_impression,impression,improvement,11,5,-6,0.10909091,-0.4,-0.28571429,0.28571428571428575,0.0,0.0,1.0,1.0,CXR821,CXR495,CXR495,False,retrieval_improvement,retrieval_improvement,not_reviewed
1.0,10f57ba,d3b0765,CXR3875,CXR3875_v2_summary,summary,improvement,10,3,-7,0.23333333,0.0,0.0,0.2857142857142857,0.2857142857142857,0.0,0.6666666666666666,0.6666666666666666,CXR821,CXR821,CXR821,False,retrieval_improvement,possible_generation_unsupported_addition;retrieval_improvement,not_reviewed
1.0,10f57ba,d3b0765,CXR3917,CXR3917_v2_findings,findings,no_change,1,1,0,0.0,0.0,0.0,0.7796610169491526,0.7796610169491526,0.0,0.8,0.8,CXR3917,CXR3917,CXR3917,True,,possible_generation_unsupported_addition,not_reviewed
1.0,10f57ba,d3b0765,CXR3917,CXR3917_v2_impression,impression,no_change,1,1,0,0.0,0.0,0.0,1.0,1.0,0.0,0.6666666666666666,0.6666666666666666,CXR3917,CXR3917,CXR3917,True,,possible_generation_unsupported_addition,not_reviewed
1.0,10f57ba,d3b0765,CXR3917,CXR3917_v2_summary,summary,no_change,1,1,0,0.0,0.0,0.0,0.5405405405405405,0.5405405405405405,0.0,1.0,1.0,CXR3917,CXR3917,CXR3917,True,,no_obvious_error,not_reviewed
1.0,10f57ba,d3b0765,CXR3956,CXR3956_v2_findings,findings,improvement,4,3,-1,0.08333333,-0.04310345,-0.0673774,0.23880597014925375,0.17142857142857143,-0.5,1.0,0.5,CXR1076,CXR3997,CXR3997,False,retrieval_improvement,possible_generation_unsupported_addition;possible_verifier_over_rejection;retrieval_improvement;verifier_evidence_disagreement,not_reviewed
1.0,10f57ba,d3b0765,CXR3956,CXR3956_v2_impression,impression,improvement,2,1,-1,0.5,1.0,0.42857143,0.0,0.42857142857142855,0.0,1.0,1.0,CXR1076,CXR3956,CXR3956,True,retrieval_improvement,correct_retrieval_generation_error;possible_generation_unsupported_addition;retrieval_improvement,not_reviewed
1.0,10f57ba,d3b0765,CXR3956,CXR3956_v2_summary,summary,degradation,2,3,1,-0.16666667,0.57142857,0.125,0.0,0.125,-0.33333333,1.0,0.6666666666666666,CXR1076,CXR2981,CXR2981,False,retrieval_degradation,possible_generation_unsupported_addition;qa_gain_support_loss;retrieval_degradation;verifier_evidence_disagreement,not_reviewed
1.0,10f57ba,d3b0765,CXR3959,CXR3959_v2_findings,findings,no_change,1,1,0,0.0,0.0,0.0,0.5,0.5,0.0,1.0,1.0,CXR3959,CXR3959,CXR3959,True,,possible_generation_unsupported_addition,not_reviewed
1.0,10f57ba,d3b0765,CXR3959,CXR3959_v2_impression,impression,no_change,1,1,0,0.0,0.0,0.0,0.6,0.6,0.0,1.0,1.0,CXR3959,CXR3959,CXR3959,True,,possible_generation_unsupported_addition,not_reviewed
1.0,10f57ba,d3b0765,CXR3959,CXR3959_v2_summary,summary,no_change,1,1,0,0.0,0.0,0.0,0.7058823529411764,0.7058823529411764,0.0,1.0,1.0,CXR3959,CXR3959,CXR3959,True,,no_obvious_error,not_reviewed
1.0,10f57ba,d3b0765,CXR403,CXR403_v2_findings,findings,no_change,2,2,0,0.0,0.0,0.0,0.2545454545454545,0.2545454545454545,0.0,1.0,1.0,CXR2810,CXR2810,CXR2810,False,,possible_generation_unsupported_addition,not_reviewed
1.0,10f57ba,d3b0765,CXR403,CXR403_v2_impression,impression,improvement,12,5,-7,0.11666667,0.66666667,0.66666667,0.0,0.6666666666666665,-0.5,1.0,0.5,CXR1076,CXR2810,CXR2810,False,retrieval_improvement,possible_generation_unsupported_addition;qa_gain_support_loss;retrieval_improvement;verifier_evidence_disagreement,not_reviewed
1.0,10f57ba,d3b0765,CXR403,CXR403_v2_summary,summary,improvement,14,6,-8,0.0952381,0.6,0.0,0.0,0.0,-1.0,1.0,0.0,CXR1076,CXR1939,CXR1939,False,retrieval_improvement,abstention_case;possible_generation_unsupported_addition;possible_verifier_over_rejection;retrieval_improvement;verifier_evidence_disagreement,not_reviewed
1.0,10f57ba,d3b0765,CXR41,CXR41_v2_findings,findings,no_change,1,1,0,0.0,0.0,0.0,0.37037037037037046,0.37037037037037046,0.0,0.8,0.8,CXR41,CXR41,CXR41,True,,correct_retrieval_generation_error;possible_generation_unsupported_addition;possible_verifier_over_rejection,not_reviewed
1.0,10f57ba,d3b0765,CXR41,CXR41_v2_impression,impression,no_change,1,1,0,0.0,0.0,0.0,0.5925925925925926,0.5925925925925926,0.0,0.75,0.75,CXR41,CXR41,CXR41,True,,possible_generation_unsupported_addition;possible_verifier_over_rejection,not_reviewed
1.0,10f57ba,d3b0765,CXR41,CXR41_v2_summary,summary,no_change,1,1,0,0.0,0.0,0.0,0.6938775510204083,0.6938775510204083,0.0,1.0,1.0,CXR41,CXR41,CXR41,True,,no_obvious_error,not_reviewed
1.0,10f57ba,d3b0765,CXR43,CXR43_v2_findings,findings,degradation,35,47,12,-0.00729483,0.33333333,0.23747277,0.058823529411764705,0.29629629629629634,0.5,0.5,1.0,CXR1718,CXR2810,CXR2810,False,retrieval_degradation,possible_generation_unsupported_addition;retrieval_degradation;verifier_evidence_disagreement,not_reviewed
1.0,10f57ba,d3b0765,CXR43,CXR43_v2_impression,impression,degradation,37,45,8,-0.0048048,0.5,0.26666667,0.0,0.26666666666666666,0.0,1.0,1.0,CXR1076,CXR671,CXR671,False,retrieval_degradation,possible_generation_unsupported_addition;retrieval_degradation,not_reviewed
1.0,10f57ba,d3b0765,CXR43,CXR43_v2_summary,summary,degradation,15,18,3,-0.01111111,0.0,0.0,0.07692307692307691,0.07692307692307691,0.0,0.6666666666666666,0.6666666666666666,CXR821,CXR821,CXR821,False,retrieval_degradation,possible_generation_unsupported_addition;retrieval_degradation,not_reviewed
1.0,10f57ba,d3b0765,CXR478,CXR478_v2_findings,findings,no_change,1,1,0,0.0,0.0,0.0,0.5714285714285714,0.5714285714285714,0.0,1.0,1.0,CXR478,CXR478,CXR478,True,,possible_generation_unsupported_addition,not_reviewed
1.0,10f57ba,d3b0765,CXR478,CXR478_v2_impression,impression,improvement,2,1,-1,0.5,1.0,1.0,0.0,1.0,-0.5,1.0,0.5,CXR1076,CXR478,CXR478,True,retrieval_improvement,possible_generation_unsupported_addition;qa_gain_support_loss;retrieval_improvement;verifier_evidence_disagreement,not_reviewed
1.0,10f57ba,d3b0765,CXR478,CXR478_v2_summary,summary,improvement,3,1,-2,0.66666667,1.0,0.11111111,0.0,0.1111111111111111,0.0,1.0,1.0,CXR1076,CXR478,CXR478,True,retrieval_improvement,correct_retrieval_generation_error;retrieval_improvement,not_reviewed
1.0,10f57ba,d3b0765,CXR482,CXR482_v2_findings,findings,improvement,47,20,-27,0.0287234,0.0,0.0,0.2380952380952381,0.2380952380952381,0.0,0.5,0.5,CXR3997,CXR3997,CXR3997,False,retrieval_improvement,possible_generation_unsupported_addition;retrieval_improvement,not_reviewed
1.0,10f57ba,d3b0765,CXR482,CXR482_v2_impression,impression,improvement,29,13,-16,0.04244032,0.0,0.0,0.0,0.0,0.0,1.0,1.0,CXR1076,CXR495,CXR495,False,retrieval_improvement,retrieval_improvement,not_reviewed
1.0,10f57ba,d3b0765,CXR482,CXR482_v2_summary,summary,improvement,5,3,-2,0.13333333,0.33333333,-0.05387205,0.29629629629629634,0.2424242424242424,0.0,0.6666666666666666,0.6666666666666666,CXR821,CXR2981,CXR2981,False,retrieval_improvement,possible_generation_unsupported_addition;retrieval_improvement,not_reviewed
1.0,10f57ba,d3b0765,CXR483,CXR483_v2_findings,findings,degradation,28,37,9,-0.00868726,-0.08053024,-0.05,0.3,0.24999999999999997,-0.5,1.0,0.5,CXR1076,CXR3997,CXR3997,False,retrieval_degradation,possible_generation_unsupported_addition;possible_verifier_over_rejection;retrieval_degradation;verifier_evidence_disagreement,not_reviewed
1.0,10f57ba,d3b0765,CXR483,CXR483_v2_impression,impression,degradation,18,24,6,-0.01388889,0.02255639,0.13937282,0.14634146341463414,0.2857142857142857,-0.5,1.0,0.5,CXR1076,CXR1101,CXR1101,False,retrieval_degradation,possible_generation_unsupported_addition;qa_gain_support_loss;retrieval_degradation;verifier_evidence_disagreement,not_reviewed
1.0,10f57ba,d3b0765,CXR483,CXR483_v2_summary,summary,improvement,6,5,-1,0.03333333,0.11779449,0.01391304,0.16,0.17391304347826086,-0.33333333,1.0,0.6666666666666666,CXR1076,CXR2981,CXR2981,False,retrieval_improvement,possible_generation_unsupported_addition;qa_gain_support_loss;retrieval_improvement;verifier_evidence_disagreement,not_reviewed
1.0,10f57ba,d3b0765,CXR495,CXR495_v2_findings,findings,no_change,1,1,0,0.0,0.0,0.0,0.5,0.5,0.0,1.0,1.0,CXR495,CXR495,CXR495,True,,possible_generation_unsupported_addition,not_reviewed
1.0,10f57ba,d3b0765,CXR495,CXR495_v2_impression,impression,no_change,1,1,0,0.0,0.0,0.0,0.6363636363636364,0.6363636363636364,0.0,1.0,1.0,CXR495,CXR495,CXR495,True,,no_obvious_error,not_reviewed
1.0,10f57ba,d3b0765,CXR495,CXR495_v2_summary,summary,no_change,1,1,0,0.0,0.0,0.0,0.4,0.4,0.0,1.0,1.0,CXR495,CXR495,CXR495,True,,correct_retrieval_generation_error,not_reviewed
1.0,10f57ba,d3b0765,CXR525,CXR525_v2_findings,findings,no_change,1,1,0,0.0,0.0,0.0,0.11267605633802817,0.11267605633802817,0.0,0.5,0.5,CXR525,CXR525,CXR525,True,,correct_retrieval_generation_error;possible_generation_unsupported_addition;possible_verifier_over_rejection,not_reviewed
1.0,10f57ba,d3b0765,CXR525,CXR525_v2_impression,impression,no_change,1,1,0,0.0,0.0,0.0,0.6222222222222222,0.6222222222222222,0.0,1.0,1.0,CXR525,CXR525,CXR525,True,,possible_generation_unsupported_addition,not_reviewed
1.0,10f57ba,d3b0765,CXR525,CXR525_v2_summary,summary,no_change,1,1,0,0.0,0.0,0.0,0.46511627906976744,0.46511627906976744,0.0,0.3333333333333333,0.3333333333333333,CXR525,CXR525,CXR525,True,,correct_retrieval_generation_error;possible_generation_unsupported_addition,not_reviewed
1.0,10f57ba,d3b0765,CXR587,CXR587_v2_findings,findings,no_change,1,1,0,0.0,0.0,0.0,0.7446808510638299,0.7446808510638299,0.0,0.8571428571428571,0.8571428571428571,CXR587,CXR587,CXR587,True,,possible_generation_unsupported_addition,not_reviewed
1.0,10f57ba,d3b0765,CXR587,CXR587_v2_impression,impression,no_change,1,1,0,0.0,0.0,0.0,0.967741935483871,0.967741935483871,0.0,0.5,0.5,CXR587,CXR587,CXR587,True,,possible_generation_unsupported_addition,not_reviewed
1.0,10f57ba,d3b0765,CXR587,CXR587_v2_summary,summary,no_change,1,1,0,0.0,0.0,0.0,0.6,0.6,0.0,1.0,1.0,CXR587,CXR587,CXR587,True,,no_obvious_error,not_reviewed
1.0,10f57ba,d3b0765,CXR590,CXR590_v2_findings,findings,no_change,1,1,0,0.0,0.0,0.0,0.7631578947368421,0.7631578947368421,0.0,1.0,1.0,CXR590,CXR590,CXR590,True,,possible_generation_unsupported_addition,not_reviewed
1.0,10f57ba,d3b0765,CXR590,CXR590_v2_impression,impression,no_change,1,1,0,0.0,0.0,0.0,0.5714285714285714,0.5714285714285714,0.0,1.0,1.0,CXR590,CXR590,CXR590,True,,possible_generation_unsupported_addition,not_reviewed
1.0,10f57ba,d3b0765,CXR590,CXR590_v2_summary,summary,no_change,1,1,0,0.0,0.0,0.0,0.4210526315789473,0.4210526315789473,0.0,1.0,1.0,CXR590,CXR590,CXR590,True,,correct_retrieval_generation_error,not_reviewed
1.0,10f57ba,d3b0765,CXR659,CXR659_v2_findings,findings,improvement,8,3,-5,0.20833333,0.0,0.0,0.4333333333333333,0.4333333333333333,0.0,1.0,1.0,CXR2810,CXR2810,CXR2810,False,retrieval_improvement,possible_generation_unsupported_addition;retrieval_improvement,not_reviewed
1.0,10f57ba,d3b0765,CXR659,CXR659_v2_impression,impression,improvement,20,9,-11,0.06111111,0.66666667,0.66666667,0.0,0.6666666666666665,-0.5,1.0,0.5,CXR1076,CXR2810,CXR2810,False,retrieval_improvement,possible_generation_unsupported_addition;qa_gain_support_loss;retrieval_improvement;verifier_evidence_disagreement,not_reviewed
1.0,10f57ba,d3b0765,CXR659,CXR659_v2_summary,summary,improvement,9,7,-2,0.03174603,0.0,0.0,0.22222222222222218,0.22222222222222218,0.0,0.6666666666666666,0.6666666666666666,CXR821,CXR821,CXR821,False,retrieval_improvement,possible_generation_unsupported_addition;retrieval_improvement,not_reviewed
1.0,10f57ba,d3b0765,CXR706,CXR706_v2_findings,findings,no_change,1,1,0,0.0,0.0,0.0,0.7209302325581395,0.7209302325581395,0.0,0.7142857142857143,0.7142857142857143,CXR706,CXR706,CXR706,True,,possible_generation_unsupported_addition,not_reviewed
1.0,10f57ba,d3b0765,CXR706,CXR706_v2_impression,impression,no_change,1,1,0,0.0,0.0,0.0,1.0,1.0,0.0,0.5,0.5,CXR706,CXR706,CXR706,True,,possible_generation_unsupported_addition,not_reviewed
1.0,10f57ba,d3b0765,CXR706,CXR706_v2_summary,summary,no_change,1,1,0,0.0,0.0,0.0,0.09230769230769231,0.09230769230769231,0.0,1.0,1.0,CXR706,CXR706,CXR706,True,,correct_retrieval_generation_error,not_reviewed
1.0,10f57ba,d3b0765,CXR733,CXR733_v2_findings,findings,no_change,1,1,0,0.0,0.0,0.0,0.24615384615384614,0.24615384615384614,0.0,0.5,0.5,CXR733,CXR733,CXR733,True,,correct_retrieval_generation_error;possible_generation_unsupported_addition;possible_verifier_over_rejection,not_reviewed
1.0,10f57ba,d3b0765,CXR733,CXR733_v2_impression,impression,no_change,1,1,0,0.0,0.0,0.0,0.7532467532467532,0.7532467532467532,0.0,1.0,1.0,CXR733,CXR733,CXR733,True,,possible_generation_unsupported_addition,not_reviewed
1.0,10f57ba,d3b0765,CXR733,CXR733_v2_summary,summary,no_change,1,1,0,0.0,0.0,0.0,0.4883720930232558,0.4883720930232558,0.0,0.6666666666666666,0.6666666666666666,CXR733,CXR733,CXR733,True,,correct_retrieval_generation_error;possible_generation_unsupported_addition,not_reviewed
1.0,10f57ba,d3b0765,CXR76,CXR76_v2_findings,findings,no_change,1,1,0,0.0,0.0,0.0,0.06250000000000001,0.06250000000000001,0.0,0.0,0.0,CXR76,CXR76,CXR76,True,,abstention_case;correct_retrieval_generation_error;possible_generation_unsupported_addition;possible_verifier_over_rejection,not_reviewed
1.0,10f57ba,d3b0765,CXR76,CXR76_v2_impression,impression,no_change,1,1,0,0.0,0.0,0.0,0.11764705882352941,0.11764705882352941,0.0,0.0,0.0,CXR76,CXR76,CXR76,True,,abstention_case;correct_retrieval_generation_error;possible_generation_unsupported_addition;possible_verifier_over_rejection,not_reviewed
1.0,10f57ba,d3b0765,CXR76,CXR76_v2_summary,summary,no_change,1,1,0,0.0,0.0,0.0,0.11764705882352941,0.11764705882352941,0.0,0.0,0.0,CXR76,CXR76,CXR76,True,,abstention_case;correct_retrieval_generation_error;possible_generation_unsupported_addition;possible_verifier_over_rejection,not_reviewed
1.0,10f57ba,d3b0765,CXR778,CXR778_v2_findings,findings,improvement,15,7,-8,0.07619048,0.0,0.0,0.2456140350877193,0.2456140350877193,0.0,1.0,1.0,CXR2810,CXR2810,CXR2810,False,retrieval_improvement,possible_generation_unsupported_addition;retrieval_improvement,not_reviewed
1.0,10f57ba,d3b0765,CXR778,CXR778_v2_impression,impression,improvement,11,5,-6,0.10909091,0.0,0.0,0.0,0.0,0.0,1.0,1.0,CXR1076,CXR495,CXR495,False,retrieval_improvement,retrieval_improvement,not_reviewed
1.0,10f57ba,d3b0765,CXR778,CXR778_v2_summary,summary,improvement,16,6,-10,0.10416667,0.6,0.0,0.0,0.0,-1.0,1.0,0.0,CXR1076,CXR1939,CXR1939,False,retrieval_improvement,abstention_case;possible_generation_unsupported_addition;possible_verifier_over_rejection;retrieval_improvement;verifier_evidence_disagreement,not_reviewed
1.0,10f57ba,d3b0765,CXR803,CXR803_v2_findings,findings,no_change,1,1,0,0.0,0.0,0.0,0.7068965517241379,0.7068965517241379,0.0,1.0,1.0,CXR803,CXR803,CXR803,True,,no_obvious_error,not_reviewed
1.0,10f57ba,d3b0765,CXR803,CXR803_v2_impression,impression,no_change,1,1,0,0.0,0.0,0.0,1.0,1.0,0.0,0.5,0.5,CXR803,CXR803,CXR803,True,,possible_generation_unsupported_addition,not_reviewed
1.0,10f57ba,d3b0765,CXR803,CXR803_v2_summary,summary,no_change,1,1,0,0.0,0.0,0.0,0.27272727272727276,0.27272727272727276,0.0,1.0,1.0,CXR803,CXR803,CXR803,True,,correct_retrieval_generation_error,not_reviewed
1.0,10f57ba,d3b0765,CXR821,CXR821_v2_findings,findings,no_change,2,2,0,0.0,0.0,0.0,0.33333333333333337,0.33333333333333337,0.0,1.0,1.0,CXR2810,CXR2810,CXR2810,False,,possible_generation_unsupported_addition,not_reviewed
1.0,10f57ba,d3b0765,CXR821,CXR821_v2_impression,impression,no_change,1,1,0,0.0,0.0,0.0,0.6666666666666666,0.6666666666666666,0.0,1.0,1.0,CXR821,CXR821,CXR821,True,,possible_generation_unsupported_addition,not_reviewed
1.0,10f57ba,d3b0765,CXR821,CXR821_v2_summary,summary,no_change,1,1,0,0.0,0.0,0.0,0.5161290322580645,0.5161290322580645,0.0,0.6666666666666666,0.6666666666666666,CXR821,CXR821,CXR821,True,,possible_generation_unsupported_addition,not_reviewed
1.0,10f57ba,d3b0765,CXR849,CXR849_v2_findings,findings,improvement,5,4,-1,0.05,0.0,0.0,0.273972602739726,0.273972602739726,0.0,0.6,0.6,CXR859,CXR859,CXR859,False,retrieval_improvement,possible_generation_unsupported_addition;possible_verifier_over_rejection;retrieval_improvement,not_reviewed
1.0,10f57ba,d3b0765,CXR849,CXR849_v2_impression,impression,improvement,4,3,-1,0.08333333,0.02961672,0.03050847,0.1694915254237288,0.19999999999999998,-0.5,1.0,0.5,CXR1076,CXR859,CXR859,False,retrieval_improvement,possible_generation_unsupported_addition;possible_verifier_over_rejection;qa_gain_support_loss;retrieval_improvement;verifier_evidence_disagreement,not_reviewed
1.0,10f57ba,d3b0765,CXR849,CXR849_v2_summary,summary,improvement,14,7,-7,0.07142857,-0.06043956,-0.00443951,0.11764705882352942,0.11320754716981132,-0.5,1.0,0.5,CXR1076,CXR3550,CXR3550,False,retrieval_improvement,possible_generation_unsupported_addition;retrieval_improvement;verifier_evidence_disagreement,not_reviewed
1.0,10f57ba,d3b0765,CXR877,CXR877_v2_findings,findings,improvement,31,8,-23,0.09274194,0.0,0.0,0.13186813186813187,0.13186813186813187,0.0,1.0,1.0,CXR1076,CXR1076,CXR1076,False,retrieval_improvement,possible_generation_unsupported_addition;retrieval_improvement,not_reviewed
1.0,10f57ba,d3b0765,CXR877,CXR877_v2_impression,impression,improvement,18,8,-10,0.06944444,0.0,0.0,0.1276595744680851,0.1276595744680851,0.0,1.0,1.0,CXR1076,CXR1076,CXR1076,False,retrieval_improvement,possible_generation_unsupported_addition;retrieval_improvement,not_reviewed
1.0,10f57ba,d3b0765,CXR877,CXR877_v2_summary,summary,improvement,9,4,-5,0.13888889,-0.02319109,0.17472527,0.07142857142857144,0.24615384615384614,0.0,1.0,1.0,CXR1076,CXR2637,CXR2637,False,retrieval_improvement,retrieval_improvement,not_reviewed
1.0,10f57ba,d3b0765,CXR916,CXR916_v2_findings,findings,no_change,1,1,0,0.0,0.0,0.0,0.6666666666666666,0.6666666666666666,0.0,1.0,1.0,CXR916,CXR916,CXR916,True,,possible_generation_unsupported_addition,not_reviewed
1.0,10f57ba,d3b0765,CXR916,CXR916_v2_impression,impression,no_change,1,1,0,0.0,0.0,0.0,0.9473684210526316,0.9473684210526316,0.0,0.5,0.5,CXR916,CXR916,CXR916,True,,possible_generation_unsupported_addition,not_reviewed
1.0,10f57ba,d3b0765,CXR916,CXR916_v2_summary,summary,no_change,1,1,0,0.0,0.0,0.0,0.24489795918367346,0.24489795918367346,0.0,1.0,1.0,CXR916,CXR916,CXR916,True,,correct_retrieval_generation_error,not_reviewed
